state,place_type,city,city_ibge_code,date,epidemiological_week,estimated_population,estimated_population_2019,is_last,is_repeated,last_available_confirmed,last_available_confirmed_per_100k_inhabitants,last_available_date,last_available_death_rate,last_available_deaths,order_for_place,new_confirmed,new_deaths,id_municipio,municipio,latitude,longitude
SP,city,Cruzeiro,3513405,2021-05-30,202122,82571,82238,True,False,5224,6326.67644,2021-05-30,0.014,73,411,63,0,4881,Cruzeiro,-22.572764,-44.96896
SP,city,Elisiário,3514924,2021-05-30,202122,3697,3651,True,False,383,10359.75115,2021-05-30,0.0131,5,383,7,0,4898,Elisiário,-21.167754,-49.114594
SP,city,Guará,3517703,2021-05-30,202122,21308,21220,True,False,1564,7339.96621,2021-05-30,0.0467,73,398,11,0,4935,Guará,-20.430162,-47.823626
SP,city,Iacanga,3519105,2021-05-30,202122,11858,11710,True,False,1024,8635.52032,2021-05-30,0.0186,19,390,2,0,4952,Iacanga,-21.889646,-49.030959
SP,city,Monte Alto,3531308,2021-05-30,202122,50772,50498,True,False,3801,7486.40983,2021-05-30,0.0316,120,419,35,0,5084,Monte Alto,-21.265545,-48.497066
SP,city,Monte Aprazível,3531407,2021-05-30,202122,25373,25087,True,False,2195,8650.92815,2021-05-30,0.0287,63,389,46,1,5085,Monte Aprazível,-20.768015,-49.71842
SP,city,Monte Mor,3531803,2021-05-30,202122,60754,59772,True,False,4478,7370.7081,2021-05-30,0.021,94,411,23,2,5089,Monte Mor,-22.945043,-47.312182
SP,city,Piraju,3538808,2021-05-30,202122,29869,29806,True,False,1371,4590.04319,2021-05-30,0.0365,50,407,11,1,5168,Piraju,-23.198066,-49.380335
SP,city,Serrana,3551504,2021-05-30,202122,45644,45107,True,False,4010,8785.38253,2021-05-30,0.0209,84,408,18,0,5308,Serrana,-21.204336,-47.595239
SP,city,Vargem Grande do Sul,3556404,2021-05-30,202122,43110,42845,True,False,2188,5075.38854,2021-05-30,0.0238,52,395,6,1,5366,Vargem Grande do Sul,-21.832194,-46.891286
SP,city,Caçapava,3508504,2021-05-30,202122,95018,94263,True,False,6868,7228.10415,2021-05-30,0.0293,201,418,118,2,4828,Caçapava,-23.099204,-45.707645
SP,city,Canas,3509957,2021-05-30,202122,5204,5138,True,False,178,3420.44581,2021-05-30,0.0225,4,389,2,0,4845,Canas,-22.700344,-45.052117
SP,city,Dourado,3514304,2021-05-30,202122,8878,8873,True,False,536,6037.39581,2021-05-30,0.0224,12,380,2,0,4891,Dourado,-22.104436,-48.317823
SP,city,Estiva Gerbi,3557303,2021-05-30,202122,11407,11304,True,False,622,5452.79215,2021-05-30,0.045,28,415,0,0,4906,Estiva Gerbi,-22.271314,-46.948111
SP,city,Irapuru,3521606,2021-05-30,202122,8325,8294,True,False,572,6870.87087,2021-05-30,0.042,24,390,4,1,4981,Irapuru,-21.56839,-51.347171
SP,city,Jardinópolis,3525102,2021-05-30,202122,44970,44380,True,False,3201,7118.07872,2021-05-30,0.0353,113,414,62,1,5018,Jardinópolis,-21.017612,-47.760583
SP,city,Lençóis Paulista,3526803,2021-05-30,202122,68990,68432,True,False,10325,14965.93709,2021-05-30,0.0139,144,426,123,0,5036,Lençóis Paulista,-22.602693,-48.803683
SP,city,Mirassolândia,3530409,2021-05-30,202122,4919,4871,True,False,408,8294.36877,2021-05-30,0.0294,12,358,2,0,5075,Mirassolândia,-20.617859,-49.461726
SP,city,Nantes,3532157,2021-05-30,202122,3179,3141,True,False,186,5850.89651,2021-05-30,0.0269,5,332,0,0,5094,Nantes,-22.615559,-51.239977
SP,city,Adamantina,3500105,2021-05-30,202122,35111,35068,True,False,2759,7857.93626,2021-05-30,0.029,80,423,16,0,4732,Adamantina,-21.682012,-51.073695
SP,city,Adolfo,3500204,2021-05-30,202122,3554,3562,True,False,445,12521.10298,2021-05-30,0.0247,11,396,1,0,4733,Adolfo,-21.232494,-49.645128
SP,city,Aguaí,3500303,2021-05-30,202122,36648,36305,True,False,2430,6630.64833,2021-05-30,0.0321,78,403,27,0,4734,Aguaí,-22.057207,-46.973502
SP,city,Águas da Prata,3500402,2021-05-30,202122,8221,8180,True,False,473,5753.55796,2021-05-30,0.0444,21,397,9,0,4735,Águas da Prata,-21.931935,-46.717622
SP,city,Águas de Lindóia,3500501,2021-05-30,202122,18808,18705,True,False,1327,7055.50829,2021-05-30,0.0234,31,424,15,0,4736,Águas de Lindóia,-22.473305,-46.631441
SP,city,Águas de Santa Bárbara,3500550,2021-05-30,202122,6109,6075,True,False,333,5450.97397,2021-05-30,0.036,12,388,1,0,4737,Águas de Santa Bárbara,-22.881186,-49.242133
SP,city,Águas de São Pedro,3500600,2021-05-30,202122,3521,3451,True,False,265,7526.27095,2021-05-30,0.0226,6,416,2,0,4738,Águas de São Pedro,-22.597749,-47.873395
SP,city,Agudos,3500709,2021-05-30,202122,37401,37214,True,False,3114,8325.98059,2021-05-30,0.0234,73,424,38,0,4739,Agudos,-22.469433,-48.98632
SP,city,Alambari,3500758,2021-05-30,202122,6129,6025,True,False,486,7929.51542,2021-05-30,0.0206,10,410,2,0,4740,Alambari,-23.550338,-47.897971
SP,city,Alfredo Marcondes,3500808,2021-05-30,202122,4184,4166,True,False,215,5138.62333,2021-05-30,0.0419,9,377,0,0,4741,Alfredo Marcondes,-21.9527,-51.413956
SP,city,Altair,3500907,2021-05-30,202122,4186,4160,True,False,158,3774.48638,2021-05-30,0.0759,12,380,0,0,4742,Altair,-20.524207,-49.057073
SP,city,Altinópolis,3501004,2021-05-30,202122,16203,16184,True,False,765,4721.3479,2021-05-30,0.0458,35,383,0,0,4743,Altinópolis,-21.021364,-47.3712
SP,city,Alto Alegre,3501103,2021-05-30,202122,4088,4099,True,False,304,7436.39922,2021-05-30,0.0461,14,387,10,0,4744,Alto Alegre,-21.581103,-50.16798
SP,city,Alumínio,3501152,2021-05-30,202122,18767,18628,True,False,1249,6655.2992,2021-05-30,0.0304,38,384,15,0,4745,Alumínio,-23.530553,-47.254571
SP,city,Álvares Florence,3501202,2021-05-30,202122,3647,3679,True,False,402,11022.75843,2021-05-30,0.0323,13,367,8,0,4746,Álvares Florence,-20.320341,-49.914126
SP,city,Álvares Machado,3501301,2021-05-30,202122,24998,24915,True,False,1553,6212.497,2021-05-30,0.0296,46,398,2,0,4747,Álvares Machado,-22.076415,-51.47224
SP,city,Álvaro de Carvalho,3501400,2021-05-30,202122,5274,5227,True,False,145,2749.33637,2021-05-30,0.0621,9,388,0,0,4748,Álvaro de Carvalho,-22.084132,-49.719044
SP,city,Alvinlândia,3501509,2021-05-30,202122,3237,3222,True,False,127,3923.38585,2021-05-30,0.0551,7,363,0,0,4749,Alvinlândia,-22.443481,-49.762323
SP,city,Americana,3501608,2021-05-30,202122,242018,239597,True,False,18152,7500.26858,2021-05-30,0.0305,554,426,187,3,4750,Americana,-22.73736,-47.333119
SP,city,Américo Brasiliense,3501707,2021-05-30,202122,41032,40504,True,False,3393,8269.15578,2021-05-30,0.0242,82,415,20,0,4751,Américo Brasiliense,-21.728771,-48.11467
SP,city,Américo de Campos,3501806,2021-05-30,202122,5981,5969,True,False,707,11820.76576,2021-05-30,0.0325,23,389,13,0,4752,Américo de Campos,-20.298476,-49.735904
SP,city,Amparo,3501905,2021-05-30,202122,72677,72195,True,False,5154,7091.6521,2021-05-30,0.0239,123,415,126,0,4753,Amparo,-22.70879,-46.772022
SP,city,Analândia,3502002,2021-05-30,202122,5056,4995,True,False,274,5419.3038,2021-05-30,0.0146,4,355,1,1,4754,Analândia,-22.128917,-47.661939
SP,city,Andradina,3502101,2021-05-30,202122,57202,57157,True,False,5157,9015.41904,2021-05-30,0.0425,219,411,39,0,4755,Andradina,-20.894761,-51.378568
SP,city,Angatuba,3502200,2021-05-30,202122,25479,25228,True,False,2326,9129.0867,2021-05-30,0.0245,57,408,21,0,4756,Angatuba,-23.491733,-48.413872
SP,city,Anhembi,3502309,2021-05-30,202122,6819,6724,True,False,209,3064.96554,2021-05-30,0.0239,5,396,2,0,4757,Anhembi,-22.792959,-48.133595
SP,city,Anhumas,3502408,2021-05-30,202122,4144,4115,True,False,196,4729.72973,2021-05-30,0.0204,4,380,-1,0,4758,Anhumas,-22.293414,-51.389542
SP,city,Aparecida,3502507,2021-05-30,202122,36185,36157,True,False,2140,5914.05278,2021-05-30,0.0355,76,408,8,1,4759,Aparecida,-22.849509,-45.232496
SP,city,Apiaí,3502705,2021-05-30,202122,24226,24374,True,False,1130,4664.41014,2021-05-30,0.0584,66,411,9,0,4761,Apiaí,-24.510819,-48.844271
SP,city,Araçariguama,3502754,2021-05-30,202122,22860,22364,True,False,1415,6189.85127,2021-05-30,0.0339,48,415,10,1,4762,Araçariguama,-23.436597,-47.060825
SP,city,Araçatuba,3502804,2021-05-30,202122,198129,197016,True,False,23001,11609.10316,2021-05-30,0.0297,682,426,79,2,4763,Araçatuba,-21.207648,-50.440106
SP,city,Araçoiaba da Serra,3502903,2021-05-30,202122,34776,34146,True,False,2230,6412.46837,2021-05-30,0.0229,51,416,20,0,4764,Araçoiaba da Serra,-23.502901,-47.616605
SP,city,Aramina,3503000,2021-05-30,202122,5655,5620,True,False,270,4774.53581,2021-05-30,0.037,10,354,4,0,4765,Aramina,-20.088152,-47.787251
SP,city,Arandu,3503109,2021-05-30,202122,6365,6357,True,False,378,5938.72742,2021-05-30,0.0265,10,409,6,1,4766,Arandu,-23.138559,-49.048661
SP,city,Arapeí,3503158,2021-05-30,202122,2460,2469,True,False,189,7682.92683,2021-05-30,0.0159,3,356,1,1,4767,Arapeí,-22.671744,-44.444127
SP,city,Araraquara,3503208,2021-05-30,202122,238339,236072,True,False,18131,7607.23172,2021-05-30,0.0222,402,424,168,1,4768,Araraquara,-21.784511,-48.178014
SP,city,Araras,3503307,2021-05-30,202122,135506,134236,True,False,14234,10504.33191,2021-05-30,0.0225,320,419,74,4,4769,Araras,-22.357238,-47.384235
SP,city,Arco-Íris,3503356,2021-05-30,202122,1773,1791,True,False,111,6260.5753,2021-05-30,0.0541,6,291,1,0,4770,Arco-Íris,-21.772797,-50.466018
SP,city,Arealva,3503406,2021-05-30,202122,8613,8560,True,False,678,7871.82166,2021-05-30,0.0147,10,400,10,0,4771,Arealva,-22.031026,-48.913511
SP,city,Areias,3503505,2021-05-30,202122,3896,3886,True,False,257,6596.50924,2021-05-30,0.0039,1,341,0,0,4772,Areias,-22.578597,-44.69924
SP,city,Areiópolis,3503604,2021-05-30,202122,11158,11129,True,False,1056,9464.06166,2021-05-30,0.0123,13,403,7,0,4773,Areiópolis,-22.667216,-48.668052
SP,city,Ariranha,3503703,2021-05-30,202122,9761,9668,True,False,445,4558.95912,2021-05-30,0.036,16,376,5,0,4774,Ariranha,-21.18716,-48.790418
SP,city,Artur Nogueira,3503802,2021-05-30,202122,55340,54408,True,False,3665,6622.69606,2021-05-30,0.0286,105,417,66,1,4775,Artur Nogueira,-22.572737,-47.172679
SP,city,Arujá,3503901,2021-05-30,202122,91157,89824,True,False,6650,7295.10625,2021-05-30,0.0382,254,431,130,1,4776,Arujá,-23.396476,-46.319983
SP,city,Aspásia,3503950,2021-05-30,202122,1818,1822,True,False,105,5775.57756,2021-05-30,0.0381,4,363,0,0,4777,Aspásia,-20.160028,-50.728046
SP,city,Assis,3504008,2021-05-30,202122,105087,104386,True,False,8758,8334.04703,2021-05-30,0.0336,294,424,137,3,4778,Assis,-22.659957,-50.418307
SP,city,Atibaia,3504107,2021-05-30,202122,144088,142761,True,False,9525,6610.54356,2021-05-30,0.0235,224,423,53,0,4779,Atibaia,-23.117059,-46.556262
SP,city,Auriflama,3504206,2021-05-30,202122,15253,15189,True,False,1723,11296.13846,2021-05-30,0.0348,60,399,2,0,4780,Auriflama,-20.683621,-50.55719
SP,city,Avaí,3504305,2021-05-30,202122,5436,5403,True,False,305,5610.74319,2021-05-30,0.0295,9,408,3,0,4781,Avaí,-22.151409,-49.335596
SP,city,Avanhandava,3504404,2021-05-30,202122,13859,13649,True,False,675,4870.48128,2021-05-30,0.0385,26,388,17,0,4782,Avanhandava,-21.458416,-49.950893
SP,city,Avaré,3504503,2021-05-30,202122,91232,90655,True,False,7867,8623.07085,2021-05-30,0.0216,170,418,113,0,4783,Avaré,-23.106732,-48.925052
SP,city,Bady Bassitt,3504602,2021-05-30,202122,17761,17502,True,False,2753,15500.25336,2021-05-30,0.0232,64,418,55,0,4784,Bady Bassitt,-20.919689,-49.4385
SP,city,Balbinos,3504701,2021-05-30,202122,5934,5735,True,False,323,5443.20863,2021-05-30,0.0124,4,346,0,0,4785,Balbinos,-21.896293,-49.361906
SP,city,Bálsamo,3504800,2021-05-30,202122,9139,9068,True,False,1370,14990.6992,2021-05-30,0.0394,54,377,4,0,4786,Bálsamo,-20.734843,-49.586487
SP,city,Bananal,3504909,2021-05-30,202122,10993,10945,True,False,905,8232.5116,2021-05-30,0.0033,3,389,1,1,4787,Bananal,-22.681932,-44.328114
SP,city,Barão de Antonina,3505005,2021-05-30,202122,3498,3469,True,False,312,8919.3825,2021-05-30,0.0224,7,376,0,0,4788,Barão de Antonina,-23.628419,-49.563366
SP,city,Barbosa,3505104,2021-05-30,202122,7468,7402,True,False,386,5168.71987,2021-05-30,0.0285,11,386,0,0,4789,Barbosa,-21.265661,-49.951816
SP,city,Bariri,3505203,2021-05-30,202122,35558,35264,True,False,2412,6783.28365,2021-05-30,0.0402,97,412,3,0,4790,Bariri,-22.072955,-48.743828
SP,city,Barra Bonita,3505302,2021-05-30,202122,36126,36126,True,False,2805,7764.49095,2021-05-30,0.0275,77,402,31,0,4791,Barra Bonita,-22.490859,-48.558349
SP,city,Barra do Chapéu,3505351,2021-05-30,202122,5760,5724,True,False,243,4218.75,2021-05-30,0.0082,2,346,0,0,4792,Barra do Chapéu,-24.472203,-49.023784
SP,city,Barra do Turvo,3505401,2021-05-30,202122,7632,7659,True,False,526,6892.03354,2021-05-30,0.0304,16,417,0,0,4793,Barra do Turvo,-24.759035,-48.50126
SP,city,Barretos,3505500,2021-05-30,202122,122833,122098,True,False,11990,9761.22052,2021-05-30,0.0306,367,419,138,1,4794,Barretos,-20.553146,-48.569832
SP,city,Barrinha,3505609,2021-05-30,202122,33180,32812,True,False,1403,4228.45087,2021-05-30,0.0378,53,403,18,0,4795,Barrinha,-21.186374,-48.163614
SP,city,Barueri,3505708,2021-05-30,202122,276982,274182,True,False,25482,9199.8758,2021-05-30,0.0363,926,439,281,11,4796,Barueri,-23.505689,-46.879042
SP,city,Bastos,3505807,2021-05-30,202122,20953,20953,True,False,1085,5178.2561,2021-05-30,0.0286,31,375,16,0,4797,Bastos,-21.920984,-50.735695
SP,city,Batatais,3505906,2021-05-30,202122,62980,62508,True,False,2509,3983.80438,2021-05-30,0.0498,125,418,19,1,4798,Batatais,-20.892867,-47.592149
SP,city,Bauru,3506003,2021-05-30,202122,379297,376818,True,False,39139,10318.82667,2021-05-30,0.0226,884,426,308,11,4799,Bauru,-22.324569,-49.087142
SP,city,Bebedouro,3506102,2021-05-30,202122,77555,77496,True,False,3512,4528.3992,2021-05-30,0.033,116,419,20,2,4800,Bebedouro,-20.949077,-48.479083
SP,city,Bento de Abreu,3506201,2021-05-30,202122,3005,2980,True,False,288,9584.02662,2021-05-30,0,0,359,2,0,4801,Bento de Abreu,-21.268629,-50.813959
SP,city,Bernardino de Campos,3506300,2021-05-30,202122,11158,11148,True,False,543,4866.46352,2021-05-30,0.0313,17,390,7,2,4802,Bernardino de Campos,-23.016439,-49.467897
SP,city,Bertioga,3506359,2021-05-30,202122,64723,63249,True,False,5128,7922.99492,2021-05-30,0.0265,136,391,21,1,4803,Bertioga,-23.848568,-46.139586
SP,city,Bilac,3506409,2021-05-30,202122,8117,8034,True,False,752,9264.50659,2021-05-30,0.0173,13,411,1,0,4804,Bilac,-21.403962,-50.47464
SP,city,Birigui,3506508,2021-05-30,202122,124883,123638,True,False,12333,9875.6436,2021-05-30,0.0358,442,420,80,4,4805,Birigui,-21.291034,-50.343162
SP,city,Boa Esperança do Sul,3506706,2021-05-30,202122,15018,14923,True,False,849,5653.21614,2021-05-30,0.0153,13,376,6,0,4807,Boa Esperança do Sul,-21.991832,-48.390622
SP,city,Bocaina,3506805,2021-05-30,202122,12452,12329,True,False,1117,8970.44651,2021-05-30,0.0233,26,398,5,0,4808,Bocaina,-22.136538,-48.523044
SP,city,Bofete,3506904,2021-05-30,202122,11921,11730,True,False,620,5200.90596,2021-05-30,0.021,13,373,15,0,4809,Bofete,-23.105543,-48.258203
SP,city,Boituva,3507001,2021-05-30,202122,62170,60997,True,False,4624,7437.6709,2021-05-30,0.026,120,420,18,0,4810,Boituva,-23.285531,-47.678574
SP,city,Bom Jesus dos Perdões,3507100,2021-05-30,202122,25985,25448,True,False,1884,7250.33673,2021-05-30,0.0127,24,401,1,0,4811,Bom Jesus dos Perdões,-23.135579,-46.467474
SP,city,Bom Sucesso de Itararé,3507159,2021-05-30,202122,3984,3954,True,False,131,3288.15261,2021-05-30,0.0382,5,321,1,0,4812,Bom Sucesso de Itararé,-24.315511,-49.145104
SP,city,Borá,3507209,2021-05-30,202122,838,837,True,False,101,12052.50597,2021-05-30,0.0099,1,362,2,0,4813,Borá,-22.269627,-50.540919
SP,city,Boracéia,3507308,2021-05-30,202122,4868,4823,True,False,832,17091.20789,2021-05-30,0.0252,21,380,4,0,4814,Boracéia,-22.192645,-48.780751
SP,city,Borborema,3507407,2021-05-30,202122,16164,16046,True,False,1239,7665.18189,2021-05-30,0.0315,39,402,13,0,4815,Borborema,-21.621368,-49.074089
SP,city,Borebi,3507456,2021-05-30,202122,2683,2653,True,False,159,5926.20201,2021-05-30,0.0126,2,401,0,0,4816,Borebi,-22.572763,-48.970749
SP,city,Botucatu,3507506,2021-05-30,202122,148130,146497,True,False,12069,8147.57308,2021-05-30,0.019,229,422,61,5,4817,Botucatu,-22.883697,-48.443706
SP,city,Bragança Paulista,3507605,2021-05-30,202122,170533,168668,True,False,14291,8380.19621,2021-05-30,0.0285,407,419,74,14,4818,Bragança Paulista,-22.952681,-46.54188
SP,city,Braúna,3507704,2021-05-30,202122,5741,5686,True,False,407,7089.35725,2021-05-30,0.0467,19,358,5,0,4819,Braúna,-21.499039,-50.317489
SP,city,Brejo Alegre,3507753,2021-05-30,202122,2889,2865,True,False,305,10557.28626,2021-05-30,0.0393,12,390,3,1,4820,Brejo Alegre,-21.165147,-50.186076
SP,city,Brodowski,3507803,2021-05-30,202122,25277,24939,True,False,2216,8766.86316,2021-05-30,0.023,51,427,44,1,4821,Brodowski,-20.984532,-47.657217
SP,city,Brotas,3507902,2021-05-30,202122,24636,24403,True,False,471,1911.83634,2021-05-30,0.0722,34,383,0,0,4822,Brotas,-22.279476,-48.125115
SP,city,Buri,3508009,2021-05-30,202122,19965,19878,True,False,2239,11214.62559,2021-05-30,0.0304,68,381,21,0,4823,Buri,-23.797689,-48.595811
SP,city,Buritama,3508108,2021-05-30,202122,17281,17144,True,False,2028,11735.43198,2021-05-30,0.0281,57,411,13,1,4824,Buritama,-21.066064,-50.147494
SP,city,Buritizal,3508207,2021-05-30,202122,4514,4481,True,False,245,5427.55871,2021-05-30,0.0408,10,366,0,0,4825,Buritizal,-20.191084,-47.709636
SP,city,Cabrália Paulista,3508306,2021-05-30,202122,4243,4264,True,False,321,7565.40184,2021-05-30,0.0125,4,356,11,0,4826,Cabrália Paulista,-22.45756,-49.339337
SP,city,Cabreúva,3508405,2021-05-30,202122,50429,49707,True,False,3265,6474.44923,2021-05-30,0.0248,81,404,25,1,4827,Cabreúva,-23.30533,-47.136251
SP,city,Pracinha,3540853,2021-05-30,202122,4212,4093,True,False,168,3988.60399,2021-05-30,0.006,1,394,0,0,5191,Pracinha,-21.849563,-51.086791
SP,city,Cachoeira Paulista,3508603,2021-05-30,202122,33581,33327,True,False,2154,6414.34144,2021-05-30,0.0158,34,426,10,0,4829,Cachoeira Paulista,-22.666498,-45.015384
SP,city,Caconde,3508702,2021-05-30,202122,19009,18985,True,False,1117,5876.16392,2021-05-30,0.0233,26,398,3,0,4830,Caconde,-21.527995,-46.643659
SP,city,Cafelândia,3508801,2021-05-30,202122,17843,17767,True,False,679,3805.41389,2021-05-30,0.0457,31,352,4,0,4831,Cafelândia,-21.803112,-49.609213
SP,city,Caiabu,3508900,2021-05-30,202122,4193,4191,True,False,89,2122.58526,2021-05-30,0.0562,5,415,1,0,4832,Caiabu,-22.012719,-51.239408
SP,city,Caieiras,3509007,2021-05-30,202122,102775,101470,True,False,7117,6924.83581,2021-05-30,0.0358,255,432,44,1,4833,Caieiras,-23.360729,-46.73974
SP,city,Caiuá,3509106,2021-05-30,202122,5946,5874,True,False,274,4608.13993,2021-05-30,0.0219,6,361,1,0,4834,Caiuá,-21.832164,-51.996918
SP,city,Cajamar,3509205,2021-05-30,202122,77934,76801,True,False,3776,4845.12536,2021-05-30,0.0487,184,427,22,1,4835,Cajamar,-23.355014,-46.878146
SP,city,Cajati,3509254,2021-05-30,202122,28494,28549,True,False,3035,10651.3652,2021-05-30,0.0267,81,403,13,1,4836,Cajati,-24.73239,-48.122347
SP,city,Cajobi,3509304,2021-05-30,202122,10596,10542,True,False,817,7710.45678,2021-05-30,0.033,27,396,3,0,4837,Cajobi,-20.877287,-48.806336
SP,city,Cajuru,3509403,2021-05-30,202122,26393,26167,True,False,941,3565.33929,2021-05-30,0.0383,36,412,12,0,4838,Cajuru,-21.274934,-47.303022
SP,city,Campina do Monte Alegre,3509452,2021-05-30,202122,6057,6024,True,False,464,7660.55803,2021-05-30,0.028,13,381,7,0,4839,Campina do Monte Alegre,-23.58948,-48.4758
SP,city,Campinas,3509502,2021-05-30,202122,1213792,1204073,True,False,84196,6936.60858,2021-05-30,0.0395,3327,439,367,12,4840,Campinas,-22.905346,-47.06595
SP,city,Campo Limpo Paulista,3509601,2021-05-30,202122,85541,84650,True,False,4322,5052.5479,2021-05-30,0.0474,205,410,27,2,4841,Campo Limpo Paulista,-23.207791,-46.788919
SP,city,Campos do Jordão,3509700,2021-05-30,202122,52405,52088,True,False,3975,7585.15409,2021-05-30,0.0234,93,413,32,0,4842,Campos do Jordão,-22.729618,-45.583337
SP,city,Campos Novos Paulista,3509809,2021-05-30,202122,4997,4965,True,False,242,4842.90574,2021-05-30,0.0207,5,367,1,0,4843,Campos Novos Paulista,-22.601952,-49.998726
SP,city,Cananéia,3509908,2021-05-30,202122,12541,12540,True,False,658,5246.79053,2021-05-30,0.0395,26,408,0,0,4844,Cananéia,-25.014428,-47.934074
SP,city,Redenção da Serra,3542305,2021-05-30,202122,3839,3851,True,False,90,2344.36051,2021-05-30,0.0111,1,360,1,0,5208,Redenção da Serra,-23.263763,-45.54222
SP,city,Cândido Mota,3510005,2021-05-30,202122,31346,31280,True,False,3296,10514.89823,2021-05-30,0.0334,110,391,52,1,4846,Cândido Mota,-22.747093,-50.387326
SP,city,Cândido Rodrigues,3510104,2021-05-30,202122,2799,2793,True,False,116,4144.33726,2021-05-30,0.0517,6,374,1,1,4847,Cândido Rodrigues,-21.327531,-48.632719
SP,city,Canitar,3510153,2021-05-30,202122,5292,5216,True,False,618,11678.00454,2021-05-30,0.0146,9,332,31,0,4848,Canitar,-23.004014,-49.783947
SP,city,Capão Bonito,3510203,2021-05-30,202122,47118,47138,True,False,3710,7873.84864,2021-05-30,0.0175,65,411,13,0,4849,Capão Bonito,-24.011265,-48.348222
SP,city,Capela do Alto,3510302,2021-05-30,202122,20985,20706,True,False,1255,5980.46223,2021-05-30,0.0183,23,405,11,0,4850,Capela do Alto,-23.468471,-47.738834
SP,city,Capivari,3510401,2021-05-30,202122,56379,55768,True,False,3720,6598.20146,2021-05-30,0.0199,74,377,16,3,4851,Capivari,-22.995144,-47.50715
SP,city,Caraguatatuba,3510500,2021-05-30,202122,123389,121532,True,False,14331,11614.48752,2021-05-30,0.0264,379,420,123,1,4852,Caraguatatuba,-23.612535,-45.412533
SP,city,Carapicuíba,3510609,2021-05-30,202122,403183,400927,True,False,27300,6771.11882,2021-05-30,0.0337,921,443,65,6,4853,Carapicuíba,-23.523471,-46.840676
SP,city,Cardoso,3510708,2021-05-30,202122,12349,12326,True,False,722,5846.62726,2021-05-30,0.0457,33,374,0,0,4854,Cardoso,-20.080031,-49.918322
SP,city,Casa Branca,3510807,2021-05-30,202122,30520,30380,True,False,2070,6782.43775,2021-05-30,0.029,60,383,6,1,4855,Casa Branca,-21.77081,-47.085245
SP,city,Cássia dos Coqueiros,3510906,2021-05-30,202122,2505,2523,True,False,173,6906.18762,2021-05-30,0.0058,1,366,0,0,4856,Cássia dos Coqueiros,-21.280082,-47.164327
SP,city,Castilho,3511003,2021-05-30,202122,21267,21006,True,False,1846,8680.11473,2021-05-30,0.0358,66,410,18,0,4857,Castilho,-20.868924,-51.488394
SP,city,Catanduva,3511102,2021-05-30,202122,122497,121862,True,False,10103,8247.54892,2021-05-30,0.0402,406,419,278,7,4858,Catanduva,-21.131381,-48.977015
SP,city,Catiguá,3511201,2021-05-30,202122,7855,7804,True,False,635,8084.02292,2021-05-30,0.0299,19,385,14,0,4859,Catiguá,-21.051861,-49.06162
SP,city,Cedral,3511300,2021-05-30,202122,9346,9237,True,False,819,8763.10721,2021-05-30,0.0244,20,422,4,0,4860,Cedral,-20.900949,-49.266426
SP,city,Cerqueira César,3511409,2021-05-30,202122,20191,19985,True,False,1392,6894.16076,2021-05-30,0.0223,31,390,-1,0,4861,Cerqueira César,-23.037999,-49.165524
SP,city,Cerquilho,3511508,2021-05-30,202122,49802,48949,True,False,4473,8981.56701,2021-05-30,0.0217,97,382,52,1,4862,Cerquilho,-23.166487,-47.745862
SP,city,Cesário Lange,3511607,2021-05-30,202122,18375,18148,True,False,1334,7259.86395,2021-05-30,0.036,48,378,16,1,4863,Cesário Lange,-23.226035,-47.954453
SP,city,Charqueada,3511706,2021-05-30,202122,17367,17190,True,False,1047,6028.67507,2021-05-30,0.0325,34,396,1,0,4864,Charqueada,-22.50958,-47.775468
SP,city,Chavantes,3557204,2021-05-30,202122,12418,12418,True,False,763,6144.30665,2021-05-30,0.0328,25,405,5,2,4865,Chavantes,-23.036632,-49.709616
SP,city,Clementina,3511904,2021-05-30,202122,8757,8617,True,False,711,8119.21891,2021-05-30,0.0127,9,341,3,0,4866,Clementina,-21.560447,-50.452476
SP,city,Colina,3512001,2021-05-30,202122,18535,18468,True,False,1158,6247.6396,2021-05-30,0.032,37,398,2,0,4867,Colina,-20.711443,-48.53867
SP,city,Colômbia,3512100,2021-05-30,202122,6216,6210,True,False,448,7207.20721,2021-05-30,0.0134,6,353,8,0,4868,Colômbia,-20.176771,-48.686468
SP,city,Conchal,3512209,2021-05-30,202122,28273,28050,True,False,1745,6171.96619,2021-05-30,0.0321,56,395,12,0,4869,Conchal,-22.337512,-47.172927
SP,city,Conchas,3512308,2021-05-30,202122,18019,17896,True,False,1834,10178.14529,2021-05-30,0.0273,50,412,2,0,4870,Conchas,-23.01543,-48.013391
SP,city,Cordeirópolis,3512407,2021-05-30,202122,24826,24528,True,False,3915,15769.75751,2021-05-30,0.0148,58,402,1,0,4871,Cordeirópolis,-22.477778,-47.451886
SP,city,Coroados,3512506,2021-05-30,202122,6129,6058,True,False,488,7962.14717,2021-05-30,0.0307,15,395,7,0,4872,Coroados,-21.352082,-50.285937
SP,city,Coronel Macedo,3512605,2021-05-30,202122,4635,4681,True,False,378,8155.33981,2021-05-30,0.0503,19,367,5,0,4873,Coronel Macedo,-23.626143,-49.309966
SP,city,Corumbataí,3512704,2021-05-30,202122,4064,4055,True,False,349,8587.59843,2021-05-30,0.0201,7,359,1,0,4874,Corumbataí,-22.221334,-47.621451
SP,city,Cosmópolis,3512803,2021-05-30,202122,73474,72252,True,False,6047,8230.12222,2021-05-30,0.0235,142,398,46,1,4875,Cosmópolis,-22.641906,-47.192578
SP,city,Cosmorama,3512902,2021-05-30,202122,7298,7307,True,False,593,8125.51384,2021-05-30,0.054,32,398,3,0,4876,Cosmorama,-20.475472,-49.782747
SP,city,Cotia,3513009,2021-05-30,202122,253608,249210,True,False,11412,4499.85805,2021-05-30,0.042,479,439,131,1,4877,Cotia,-23.602177,-46.91902
SP,city,Cravinhos,3513108,2021-05-30,202122,35579,35292,True,False,1512,4249.69786,2021-05-30,0.0522,79,423,8,1,4878,Cravinhos,-21.337959,-47.732427
SP,city,Cristais Paulista,3513207,2021-05-30,202122,8718,8631,True,False,906,10392.29181,2021-05-30,0.0088,8,354,0,0,4879,Cristais Paulista,-20.403569,-47.420915
SP,city,Cruzália,3513306,2021-05-30,202122,2046,2073,True,False,142,6940.37146,2021-05-30,0.0211,3,308,1,0,4880,Cruzália,-22.737309,-50.790909
SP,city,Sandovalina,3545506,2021-05-30,202122,4354,4302,True,False,188,4317.86863,2021-05-30,0.0426,8,335,1,0,5244,Sandovalina,-22.455099,-51.764822
SP,city,Cubatão,3513504,2021-05-30,202122,131626,130705,True,False,11864,9013.4168,2021-05-30,0.0331,393,416,253,5,4882,Cubatão,-23.891121,-46.423968
SP,city,Cunha,3513603,2021-05-30,202122,21459,21547,True,False,706,3289.99487,2021-05-30,0.0113,8,390,10,0,4883,Cunha,-23.0731,-44.957559
SP,city,Descalvado,3513702,2021-05-30,202122,33910,33718,True,False,2831,8348.56974,2021-05-30,0.0177,50,379,8,0,4884,Descalvado,-21.900211,-47.618105
SP,city,Diadema,3513801,2021-05-30,202122,426757,423884,True,False,21787,5105.24725,2021-05-30,0.0469,1021,430,85,3,4885,Diadema,-23.681347,-46.62052
SP,city,Dirce Reis,3513850,2021-05-30,202122,1799,1793,True,False,116,6448.02668,2021-05-30,0.0259,3,355,0,0,4886,Dirce Reis,-20.464207,-50.607335
SP,city,Divinolândia,3513900,2021-05-30,202122,11086,11146,True,False,1038,9363.16074,2021-05-30,0.0395,41,388,13,0,4887,Divinolândia,-21.663709,-46.736128
SP,city,Dobrada,3514007,2021-05-30,202122,9010,8929,True,False,470,5216.42619,2021-05-30,0.0149,7,402,0,0,4888,Dobrada,-21.515533,-48.393476
SP,city,Dois Córregos,3514106,2021-05-30,202122,27512,27315,True,False,1329,4830.61937,2021-05-30,0.0278,37,390,0,1,4889,Dois Córregos,-22.367291,-48.381924
SP,city,Dolcinópolis,3514205,2021-05-30,202122,2112,2115,True,False,152,7196.9697,2021-05-30,0.0395,6,373,1,0,4890,Dolcinópolis,-20.124047,-50.514898
SP,city,Santa Ernestina,3546504,2021-05-30,202122,5588,5599,True,False,437,7820.32928,2021-05-30,0.0275,12,354,8,0,5254,Santa Ernestina,-21.461769,-48.395317
SP,city,Dracena,3514403,2021-05-30,202122,47043,46793,True,False,4364,9276.61926,2021-05-30,0.0477,208,424,3,1,4892,Dracena,-21.484311,-51.535034
SP,city,Duartina,3514502,2021-05-30,202122,12433,12445,True,False,709,5702.56575,2021-05-30,0.0296,21,410,5,0,4893,Duartina,-22.414562,-49.408355
SP,city,Dumont,3514601,2021-05-30,202122,10023,9868,True,False,1089,10865.01048,2021-05-30,0.0129,14,390,10,0,4894,Dumont,-21.232401,-47.975622
SP,city,Echaporã,3514700,2021-05-30,202122,6064,6102,True,False,542,8937.99472,2021-05-30,0.0332,18,362,17,0,4895,Echaporã,-22.43256,-50.203787
SP,city,Eldorado,3514809,2021-05-30,202122,15544,15494,True,False,1092,7025.21873,2021-05-30,0.0156,17,417,0,0,4896,Eldorado,-24.52809,-48.114085
SP,city,Elias Fausto,3514908,2021-05-30,202122,17936,17772,True,False,1089,6071.58787,2021-05-30,0.0257,28,406,9,0,4897,Elias Fausto,-23.042822,-47.368153
SP,city,Embaúba,3514957,2021-05-30,202122,2449,2452,True,False,88,3593.30339,2021-05-30,0.0455,4,363,0,0,4899,Embaúba,-20.979595,-48.832452
SP,city,Santa Rosa de Viterbo,3547601,2021-05-30,202122,26753,26540,True,False,1777,6642.24573,2021-05-30,0.018,32,372,3,0,5265,Santa Rosa de Viterbo,-21.477568,-47.362213
SP,city,Embu-Guaçu,3515103,2021-05-30,202122,69901,69385,True,False,4195,6001.34476,2021-05-30,0.0381,160,420,40,0,4901,Embu-Guaçu,-23.829717,-46.813593
SP,city,Emilianópolis,3515129,2021-05-30,202122,3227,3214,True,False,293,9079.64053,2021-05-30,0.0205,6,384,2,0,4902,Emilianópolis,-21.831436,-51.483168
SP,city,Engenheiro Coelho,3515152,2021-05-30,202122,21249,20773,True,False,2084,9807.52035,2021-05-30,0.0192,40,402,2,0,4903,Engenheiro Coelho,-22.483573,-47.211045
SP,city,Espírito Santo do Pinhal,3515186,2021-05-30,202122,44471,44330,True,False,3834,8621.34874,2021-05-30,0.0216,83,403,10,1,4904,Espírito Santo do Pinhal,-22.190871,-46.74767
SP,city,Espírito Santo do Turvo,3515194,2021-05-30,202122,4878,4829,True,False,232,4756.04756,2021-05-30,0.0129,3,349,0,0,4905,Espírito Santo do Turvo,-22.69254,-49.434119
SP,city,Santo Antônio da Alegria,3547908,2021-05-30,202122,6977,6929,True,False,504,7223.73513,2021-05-30,0.0278,14,409,9,0,5269,Santo Antônio da Alegria,-21.086449000000002,-47.146372
SP,city,Estrela do Norte,3515301,2021-05-30,202122,2770,2766,True,False,264,9530.68592,2021-05-30,0.0114,3,349,5,0,4908,Estrela do Norte,-22.485935,-51.663203
SP,city,Euclides da Cunha Paulista,3515350,2021-05-30,202122,9325,9371,True,False,293,3142.09115,2021-05-30,0.0273,8,373,1,0,4909,Euclides da Cunha Paulista,-22.55452,-52.592779
SP,city,Fartura,3515400,2021-05-30,202122,16070,16036,True,False,1140,7093.96391,2021-05-30,0.0246,28,410,1,0,4910,Fartura,-23.391643,-49.512403
SP,city,Fernando Prestes,3515608,2021-05-30,202122,5794,5783,True,False,649,11201.24266,2021-05-30,0.0108,7,384,5,0,4912,Fernando Prestes,-21.266061,-48.687384
SP,city,Fernandópolis,3515509,2021-05-30,202122,69402,69116,True,False,8266,11910.31959,2021-05-30,0.0258,213,411,17,0,4911,Fernandópolis,-20.280556,-50.247115
SP,city,Fernão,3515657,2021-05-30,202122,1727,1716,True,False,159,9206.71685,2021-05-30,0,0,375,2,0,4913,Fernão,-22.36066,-49.518735
SP,city,Ferraz de Vasconcelos,3515707,2021-05-30,202122,196500,194276,True,False,8840,4498.72774,2021-05-30,0.0403,356,445,35,1,4914,Ferraz de Vasconcelos,-23.541056,-46.37097
SP,city,Flora Rica,3515806,2021-05-30,202122,1430,1464,True,False,113,7902.0979,2021-05-30,0.0354,4,342,0,0,4915,Flora Rica,-21.672738,-51.382107
SP,city,Floreal,3515905,2021-05-30,202122,2900,2917,True,False,165,5689.65517,2021-05-30,0.0242,4,368,3,0,4916,Floreal,-20.675193,-50.151282
SP,city,Flórida Paulista,3516002,2021-05-30,202122,14790,14640,True,False,1058,7153.48208,2021-05-30,0.0255,27,388,3,0,4917,Flórida Paulista,-21.612711,-51.172445
SP,city,Franca,3516200,2021-05-30,202122,355901,353187,True,False,26018,7310.45993,2021-05-30,0.0219,570,424,512,3,4919,Franca,-20.53523,-47.403861
SP,city,Francisco Morato,3516309,2021-05-30,202122,177633,175844,True,False,9394,5288.43177,2021-05-30,0.0394,370,424,91,1,4920,Francisco Morato,-23.279248,-46.744781
SP,city,Franco da Rocha,3516408,2021-05-30,202122,156492,154489,True,False,10286,6572.85995,2021-05-30,0.0307,316,426,16,0,4921,Franco da Rocha,-23.322882,-46.729011
SP,city,Gabriel Monteiro,3516507,2021-05-30,202122,2776,2776,True,False,160,5763.68876,2021-05-30,0.025,4,363,0,0,4922,Gabriel Monteiro,-21.52941,-50.557321
SP,city,Gália,3516606,2021-05-30,202122,6482,6548,True,False,394,6078.37087,2021-05-30,0.0305,12,388,5,0,4923,Gália,-22.291846,-49.550356
SP,city,Garça,3516705,2021-05-30,202122,44409,44390,True,False,3052,6872.4808,2021-05-30,0.0298,91,413,59,2,4924,Garça,-22.212516,-49.654596
SP,city,Gastão Vidigal,3516804,2021-05-30,202122,4860,4808,True,False,142,2921.8107,2021-05-30,0.1056,15,389,0,0,4925,Gastão Vidigal,-20.794776,-50.191183
SP,city,Gavião Peixoto,3516853,2021-05-30,202122,4815,4789,True,False,1052,21848.39045,2021-05-30,0.0114,12,374,6,0,4926,Gavião Peixoto,-21.836658,-48.49566
SP,city,General Salgado,3516903,2021-05-30,202122,10862,10869,True,False,818,7530.84147,2021-05-30,0.0367,30,384,0,0,4927,General Salgado,-20.648458,-50.36397
SP,city,Getulina,3517000,2021-05-30,202122,11447,11409,True,False,898,7844.85018,2021-05-30,0.0156,14,388,30,0,4928,Getulina,-21.796117,-49.931205
SP,city,Glicério,3517109,2021-05-30,202122,4829,4815,True,False,326,6750.8801,2021-05-30,0.0429,14,352,14,0,4929,Glicério,-21.381193,-50.212269
SP,city,Guaiçara,3517208,2021-05-30,202122,12294,12168,True,False,1146,9321.6203,2021-05-30,0.0175,20,387,0,0,4930,Guaiçara,-21.619537,-49.801287
SP,city,Guaimbê,3517307,2021-05-30,202122,5785,5765,True,False,415,7173.72515,2021-05-30,0.0145,6,382,0,0,4931,Guaimbê,-21.909072,-49.89861
SP,city,Guaíra,3517406,2021-05-30,202122,41040,40790,True,False,4021,9797.75828,2021-05-30,0.0385,155,402,29,0,4932,Guaíra,-20.319591,-48.31197
SP,city,Guapiaçu,3517505,2021-05-30,202122,21775,21454,True,False,1645,7554.53502,2021-05-30,0.0322,53,390,9,1,4933,Guapiaçu,-20.795885,-49.217201
SP,city,Guapiara,3517604,2021-05-30,202122,17025,17157,True,False,1815,10660.79295,2021-05-30,0.0391,71,384,0,0,4934,Guapiara,-24.18921,-48.529549
SP,city,São Pedro do Turvo,3550506,2021-05-30,202122,7696,7666,True,False,550,7146.56965,2021-05-30,0.0127,7,394,2,1,5298,São Pedro do Turvo,-22.745286,-49.742829
SP,city,Guaraçaí,3517802,2021-05-30,202122,8290,8323,True,False,671,8094.08926,2021-05-30,0.0268,18,391,8,0,4936,Guaraçaí,-21.029173,-51.211854
SP,city,Guaraci,3517901,2021-05-30,202122,11287,11188,True,False,786,6963.76362,2021-05-30,0.0229,18,382,13,0,4937,Guaraci,-20.49766,-48.939107
SP,city,Guarantã,3518107,2021-05-30,202122,6675,6664,True,False,239,3580.52434,2021-05-30,0.0628,15,368,1,1,4939,Guarantã,-21.894195,-49.591351
SP,city,Guararapes,3518206,2021-05-30,202122,33100,32939,True,False,3025,9138.97281,2021-05-30,0.0245,74,422,33,2,4940,Guararapes,-21.254431,-50.645338
SP,city,Guararema,3518305,2021-05-30,202122,30136,29798,True,False,1578,5236.26228,2021-05-30,0.0399,63,418,21,0,4941,Guararema,-23.411195,-46.036946
SP,city,Guaratinguetá,3518404,2021-05-30,202122,122505,121798,True,False,7047,5752.41827,2021-05-30,0.028,197,417,66,2,4942,Guaratinguetá,-22.807534,-45.193788
SP,city,Guareí,3518503,2021-05-30,202122,18887,18520,True,False,2868,15185.04792,2021-05-30,0.008,23,389,13,0,4943,Guareí,-23.371359000000002,-48.183715
SP,city,Guariba,3518602,2021-05-30,202122,40487,40105,True,False,3447,8513.84395,2021-05-30,0.0247,85,397,19,0,4944,Guariba,-21.35938,-48.23158
SP,city,Guarujá,3518701,2021-05-30,202122,322750,320459,True,False,18977,5879.78311,2021-05-30,0.053,1006,426,84,7,4945,Guarujá,-23.988798,-46.257959
SP,city,Guarulhos,3518800,2021-05-30,202122,1392121,1379182,True,False,53444,3839.03411,2021-05-30,0.0732,3910,440,93,5,4946,Guarulhos,-23.453758,-46.533347
SP,city,Guatapará,3518859,2021-05-30,202122,7709,7656,True,False,308,3995.33013,2021-05-30,0.0552,17,361,1,0,4947,Guatapará,-21.494444,-48.035588
SP,city,Guzolândia,3518909,2021-05-30,202122,5307,5267,True,False,425,8008.29094,2021-05-30,0.0541,23,406,4,0,4948,Guzolândia,-20.646679,-50.664505
SP,city,Herculândia,3519006,2021-05-30,202122,9588,9526,True,False,762,7947.43429,2021-05-30,0.0197,15,384,1,0,4949,Herculândia,-22.003802,-50.390734
SP,city,Holambra,3519055,2021-05-30,202122,15272,14930,True,False,1552,10162.38869,2021-05-30,0.0064,10,401,24,0,4950,Holambra,-22.640513,-47.048694
SP,city,Hortolândia,3519071,2021-05-30,202122,234259,230851,True,False,17344,7403.77104,2021-05-30,0.0306,531,437,35,0,4951,Hortolândia,-22.852854,-47.214259
SP,city,Sorocaba,3552205,2021-05-30,202122,687357,679378,True,False,54450,7921.6477,2021-05-30,0.0349,1901,430,690,32,5315,Sorocaba,-23.496886,-47.445073
SP,city,Iacri,3519204,2021-05-30,202122,6295,6321,True,False,228,3621.92216,2021-05-30,0.0175,4,373,2,0,4953,Iacri,-21.857199,-50.693152
SP,city,Iaras,3519253,2021-05-30,202122,9517,9240,True,False,243,2553.32563,2021-05-30,0.0535,13,347,0,0,4954,Iaras,-22.868199,-49.163377
SP,city,Ibaté,3519303,2021-05-30,202122,35472,35104,True,False,2926,8248.75959,2021-05-30,0.028,82,395,21,0,4955,Ibaté,-21.958358,-47.988211
SP,city,Ibirá,3519402,2021-05-30,202122,12518,12393,True,False,1234,9857.80476,2021-05-30,0.0194,24,415,29,0,4956,Ibirá,-21.083032,-49.244833
SP,city,Ibirarema,3519501,2021-05-30,202122,7841,7753,True,False,604,7703.09909,2021-05-30,0.0364,22,391,10,0,4957,Ibirarema,-22.818537,-50.073901
SP,city,Ibitinga,3519600,2021-05-30,202122,60600,60033,True,False,7731,12757.42574,2021-05-30,0.0244,189,396,170,18,4958,Ibitinga,-21.75623,-48.831903
SP,city,Ibiúna,3519709,2021-05-30,202122,79479,78878,True,False,3585,4510.62545,2021-05-30,0.0298,107,419,48,1,4959,Ibiúna,-23.65961,-47.223037
SP,city,Icém,3519808,2021-05-30,202122,8304,8243,True,False,911,10970.61657,2021-05-30,0.0241,22,351,102,0,4960,Icém,-20.339067,-49.191546
SP,city,Iepê,3519907,2021-05-30,202122,8194,8159,True,False,721,8799.12131,2021-05-30,0.0264,19,407,26,0,4961,Iepê,-22.660165,-51.077881
SP,city,Igaraçu do Tietê,3520004,2021-05-30,202122,24749,24674,True,False,1577,6371.97463,2021-05-30,0.0247,39,399,27,0,4962,Igaraçu do Tietê,-22.509044,-48.559672
SP,city,Igarapava,3520103,2021-05-30,202122,30614,30432,True,False,1207,3942.64062,2021-05-30,0.0514,62,411,14,1,4963,Igarapava,-20.040687,-47.746576
SP,city,Igaratá,3520202,2021-05-30,202122,9583,9534,True,False,1841,19211.10299,2021-05-30,0.0147,27,413,7,0,4964,Igaratá,-23.20366,-46.156985
SP,city,Iguape,3520301,2021-05-30,202122,30989,30857,True,False,1929,6224.78944,2021-05-30,0.0384,74,408,14,2,4965,Iguape,-24.699015,-47.553659
SP,city,Ilha Comprida,3520426,2021-05-30,202122,11362,11166,True,False,1037,9126.91428,2021-05-30,0.0318,33,420,2,1,4967,Ilha Comprida,-24.730743,-47.538275
SP,city,Ilha Solteira,3520442,2021-05-30,202122,26788,26686,True,False,2034,7592.95207,2021-05-30,0.0383,78,409,29,0,4968,Ilha Solteira,-20.432629,-51.342552
SP,city,Ilhabela,3520400,2021-05-30,202122,35591,34970,True,False,6135,17237.50386,2021-05-30,0.0059,36,417,49,0,4966,Ilhabela,-23.778533,-45.355226
SP,city,Indaiatuba,3520509,2021-05-30,202122,256223,251627,True,False,19914,7772.13599,2021-05-30,0.0224,446,425,228,0,4969,Indaiatuba,-23.081591,-47.210093
SP,city,Indiana,3520608,2021-05-30,202122,4879,4885,True,False,215,4406.64071,2021-05-30,0.0419,9,387,1,0,4970,Indiana,-22.173779,-51.255467
SP,city,Indiaporã,3520707,2021-05-30,202122,3886,3897,True,False,238,6124.54967,2021-05-30,0.0252,6,368,3,0,4971,Indiaporã,-19.978952,-50.290856
SP,city,Inúbia Paulista,3520806,2021-05-30,202122,4019,3991,True,False,332,8260.76138,2021-05-30,0.0361,12,387,9,0,4972,Inúbia Paulista,-21.769471,-50.963268
SP,city,Ipaussu,3520905,2021-05-30,202122,15069,14971,True,False,1448,9609.13133,2021-05-30,0.0214,31,355,20,0,4973,Ipaussu,-23.05753,-49.627911
SP,city,Iperó,3521002,2021-05-30,202122,37964,37133,True,False,2095,5518.38584,2021-05-30,0.0167,35,392,9,1,4974,Iperó,-23.351296,-47.692717
SP,city,Ipeúna,3521101,2021-05-30,202122,7687,7546,True,False,532,6920.77533,2021-05-30,0.0113,6,377,1,0,4975,Ipeúna,-22.435513,-47.715086
SP,city,Ipiguá,3521150,2021-05-30,202122,5476,5392,True,False,835,15248.35646,2021-05-30,0.0251,21,387,2,0,4976,Ipiguá,-20.655734,-49.384161
SP,city,Iporanga,3521200,2021-05-30,202122,4199,4218,True,False,324,7716.12289,2021-05-30,0.0123,4,334,4,0,4977,Iporanga,-24.584718,-48.597119
SP,city,Ipuã,3521309,2021-05-30,202122,16604,16409,True,False,1470,8853.28836,2021-05-30,0.0327,48,389,4,0,4978,Ipuã,-20.443785,-48.012881
SP,city,Iracemápolis,3521408,2021-05-30,202122,24614,24235,True,False,3475,14117.98164,2021-05-30,0.0236,82,432,5,0,4979,Iracemápolis,-22.583234,-47.522963
SP,city,Irapuã,3521507,2021-05-30,202122,8048,7993,True,False,687,8536.28231,2021-05-30,0.032,22,371,14,1,4980,Irapuã,-21.276832,-49.416398
SP,city,Torrinha,3554706,2021-05-30,202122,10056,10010,True,False,938,9327.76452,2021-05-30,0.0171,16,390,3,0,5345,Torrinha,-22.423721,-48.17314
SP,city,Itaberá,3521705,2021-05-30,202122,17480,17556,True,False,1835,10497.71167,2021-05-30,0.0158,29,382,56,0,4982,Itaberá,-23.863827,-49.139987
SP,city,Itaí,3521804,2021-05-30,202122,27382,27125,True,False,1939,7081.29428,2021-05-30,0.0232,45,395,43,0,4983,Itaí,-23.42129,-49.092005
SP,city,Itajobi,3521903,2021-05-30,202122,15297,15262,True,False,1570,10263.45035,2021-05-30,0.0197,31,401,32,0,4984,Itajobi,-21.312294,-49.062863
SP,city,Itaju,3522000,2021-05-30,202122,3887,3835,True,False,482,12400.30872,2021-05-30,0.0145,7,354,-1,0,4985,Itaju,-21.985691,-48.811549
SP,city,Itanhaém,3522109,2021-05-30,202122,103102,101816,True,False,4957,4807.86018,2021-05-30,0.0464,230,425,27,2,4986,Itanhaém,-24.173633,-46.787986
SP,city,Itapecerica da Serra,3522208,2021-05-30,202122,177662,175693,True,False,6639,3736.87114,2021-05-30,0.0583,387,426,98,2,4988,Itapecerica da Serra,-23.716135,-46.857193
SP,city,Itapetininga,3522307,2021-05-30,202122,165526,163901,True,False,13195,7971.55734,2021-05-30,0.0112,148,421,94,0,4989,Itapetininga,-23.588607,-48.048326
SP,city,Itapeva,3522406,2021-05-30,202122,94804,94354,True,False,6160,6497.61613,2021-05-30,0.0391,241,417,107,6,4990,Itapeva,-23.978823,-48.876433
SP,city,Itapevi,3522505,2021-05-30,202122,240961,237700,True,False,9685,4019.32263,2021-05-30,0.0577,559,427,49,3,4991,Itapevi,-23.548774,-46.932747
SP,city,Itapira,3522604,2021-05-30,202122,75234,74773,True,False,6412,8522.74238,2021-05-30,0.0321,206,422,24,8,4992,Itapira,-22.435731,-46.822434
SP,city,Itapirapuã Paulista,3522653,2021-05-30,202122,4268,4241,True,False,451,10567.01031,2021-05-30,0.0044,2,342,2,0,4993,Itapirapuã Paulista,-24.572033,-49.166151
SP,city,Itápolis,3522703,2021-05-30,202122,43331,43120,True,False,4479,10336.71044,2021-05-30,0.0266,119,382,49,3,4994,Itápolis,-21.594224,-48.81491
SP,city,Itaporanga,3522802,2021-05-30,202122,15173,15149,True,False,1214,8001.0545,2021-05-30,0.0288,35,374,1,0,4995,Itaporanga,-23.704273,-49.481854
SP,city,Itapuí,3522901,2021-05-30,202122,14147,13992,True,False,1239,8758.04057,2021-05-30,0.0202,25,390,12,0,4996,Itapuí,-22.232445,-48.719734
SP,city,Itapura,3523008,2021-05-30,202122,4951,4906,True,False,212,4281.96324,2021-05-30,0.0377,8,390,1,0,4997,Itapura,-20.641911,-51.506322
SP,city,Itaquaquecetuba,3523107,2021-05-30,202122,375011,370821,True,False,14939,3983.61648,2021-05-30,0.0526,786,426,59,4,4998,Itaquaquecetuba,-23.483481,-46.345724
SP,city,Itararé,3523206,2021-05-30,202122,50642,50503,True,False,4590,9063.62308,2021-05-30,0.0377,173,424,50,0,4999,Itararé,-24.108451,-49.335215
SP,city,Itariri,3523305,2021-05-30,202122,17598,17436,True,False,1074,6102.96625,2021-05-30,0.0307,33,403,1,0,5000,Itariri,-24.283404,-47.173619
SP,city,Itatiba,3523404,2021-05-30,202122,122581,120858,True,False,8292,6764.50673,2021-05-30,0.0146,121,419,85,1,5001,Itatiba,-23.003497,-46.846353
SP,city,Itatinga,3523503,2021-05-30,202122,20921,20697,True,False,1776,8489.07796,2021-05-30,0.0152,27,417,65,0,5002,Itatinga,-23.104707,-48.615712
SP,city,Itirapina,3523602,2021-05-30,202122,18387,18157,True,False,1236,6722.14064,2021-05-30,0.0235,29,402,5,0,5003,Itirapina,-22.256239,-47.816594
SP,city,Itirapuã,3523701,2021-05-30,202122,6543,6499,True,False,247,3775.02675,2021-05-30,0.0162,4,377,2,0,5004,Itirapuã,-20.641585,-47.219446
SP,city,Itobi,3523800,2021-05-30,202122,7852,7841,True,False,518,6597.04534,2021-05-30,0.0154,8,390,1,0,5005,Itobi,-21.730853,-46.9743
SP,city,Itu,3523909,2021-05-30,202122,175568,173939,True,False,14019,7984.94031,2021-05-30,0.0203,285,424,66,0,5006,Itu,-23.254397,-47.292688
SP,city,Itupeva,3524006,2021-05-30,202122,62813,61252,True,False,4781,7611.4817,2021-05-30,0.0199,95,427,37,1,5007,Itupeva,-23.152635,-47.059262
SP,city,Ituverava,3524105,2021-05-30,202122,42045,41824,True,False,1290,3068.14128,2021-05-30,0.0752,97,399,22,1,5008,Ituverava,-20.335465,-47.790207
SP,city,Jaborandi,3524204,2021-05-30,202122,6946,6929,True,False,435,6262.59718,2021-05-30,0.0184,8,404,2,0,5009,Jaborandi,-20.688422,-48.411167
SP,city,Jaboticabal,3524303,2021-05-30,202122,77652,77263,True,False,5725,7372.63689,2021-05-30,0.0183,105,423,72,0,5010,Jaboticabal,-21.252037,-48.325223
SP,city,Jacareí,3524402,2021-05-30,202122,235416,233662,True,False,19298,8197.40374,2021-05-30,0.0272,525,418,177,6,5011,Jacareí,-23.29829,-45.965814
SP,city,Jaci,3524501,2021-05-30,202122,7196,7067,True,False,717,9963.86882,2021-05-30,0.0181,13,417,9,0,5012,Jaci,-20.880468,-49.579732
SP,city,Jacupiranga,3524600,2021-05-30,202122,17889,17866,True,False,1469,8211.75024,2021-05-30,0.0265,39,395,3,0,5013,Jacupiranga,-24.696326,-48.006402
SP,city,Jaguariúna,3524709,2021-05-30,202122,58722,57488,True,False,4378,7455.46814,2021-05-30,0.019,83,439,24,0,5014,Jaguariúna,-22.70374,-46.985062
SP,city,Jales,3524808,2021-05-30,202122,49201,49107,True,False,5258,10686.77466,2021-05-30,0.0358,188,418,44,0,5015,Jales,-20.267227,-50.549442
SP,city,Jambeiro,3524907,2021-05-30,202122,6717,6602,True,False,308,4585.38038,2021-05-30,0.026,8,390,5,0,5016,Jambeiro,-23.252217,-45.694214
SP,city,Jandira,3525003,2021-05-30,202122,126356,124937,True,False,6064,4799.13894,2021-05-30,0.0379,230,427,18,1,5017,Jandira,-23.527537,-46.902314
SP,city,Jarinu,3525201,2021-05-30,202122,30617,30044,True,False,1925,6287.3567,2021-05-30,0.026,50,402,7,0,5019,Jarinu,-23.103855,-46.728015
SP,city,Jaú,3525300,2021-05-30,202122,151881,150252,True,False,7529,4957.17042,2021-05-30,0.0566,426,424,50,1,5020,Jaú,-22.293585,-48.559193
SP,city,Jeriquara,3525409,2021-05-30,202122,3151,3159,True,False,227,7204.0622,2021-05-30,0.0044,1,321,0,0,5021,Jeriquara,-20.311567,-47.591835
SP,city,Joanópolis,3525508,2021-05-30,202122,13338,13220,True,False,834,6252.81152,2021-05-30,0.0048,4,418,6,0,5022,Joanópolis,-22.926999,-46.274118
SP,city,João Ramalho,3525607,2021-05-30,202122,4551,4523,True,False,501,11008.56955,2021-05-30,0.024,12,361,11,0,5023,João Ramalho,-22.247339,-50.769359
SP,city,José Bonifácio,3525706,2021-05-30,202122,37366,37015,True,False,4300,11507.78783,2021-05-30,0.0235,101,422,48,0,5024,José Bonifácio,-21.055062,-49.689233
SP,city,Júlio Mesquita,3525805,2021-05-30,202122,4800,4776,True,False,123,2562.5,2021-05-30,0.0976,12,360,3,0,5025,Júlio Mesquita,-22.011174,-49.787294
SP,city,Jumirim,3525854,2021-05-30,202122,3418,3367,True,False,343,10035.10825,2021-05-30,0.0146,5,346,12,0,5026,Jumirim,-23.088361,-47.786821
SP,city,Jundiaí,3525904,2021-05-30,202122,423006,418962,True,False,39249,9278.59179,2021-05-30,0.0302,1186,432,391,20,5027,Jundiaí,-23.185218,-46.897358
SP,city,Junqueirópolis,3526001,2021-05-30,202122,20831,20679,True,False,1375,6600.73928,2021-05-30,0.0451,62,408,7,0,5028,Junqueirópolis,-21.510348,-51.434187
SP,city,Juquiá,3526100,2021-05-30,202122,18718,18812,True,False,1504,8035.04648,2021-05-30,0.0253,38,402,6,0,5029,Juquiá,-24.310084,-47.64264
SP,city,Juquitiba,3526209,2021-05-30,202122,31646,31444,True,False,1656,5232.88883,2021-05-30,0.0362,60,409,3,0,5030,Juquitiba,-23.924381,-47.065332
SP,city,Lagoinha,3526308,2021-05-30,202122,4889,4896,True,False,179,3661.28043,2021-05-30,0.0168,3,310,0,0,5031,Lagoinha,-23.084621,-45.194415
SP,city,Laranjal Paulista,3526407,2021-05-30,202122,28785,28516,True,False,3666,12735.7999,2021-05-30,0.0237,87,418,13,0,5032,Laranjal Paulista,-23.050564,-47.837549
SP,city,Lavínia,3526506,2021-05-30,202122,12285,11980,True,False,788,6414.32641,2021-05-30,0.0165,13,388,-1,0,5033,Lavínia,-21.163913,-51.041172
SP,city,Lavrinhas,3526605,2021-05-30,202122,7311,7260,True,False,264,3610.99713,2021-05-30,0.0152,4,402,18,0,5034,Lavrinhas,-22.570047,-44.902359
SP,city,Leme,3526704,2021-05-30,202122,104346,103391,True,False,10064,9644.83545,2021-05-30,0.0277,279,412,137,0,5035,Leme,-22.180857,-47.384109
SP,city,Limeira,3526902,2021-05-30,202122,308482,306114,True,False,15568,5046.64778,2021-05-30,0.0353,550,425,45,31,5037,Limeira,-22.56605,-47.396987
SP,city,Lindóia,3527009,2021-05-30,202122,8092,7980,True,False,575,7105.78349,2021-05-30,0.0296,17,398,9,0,5038,Lindóia,-22.522562,-46.650035
SP,city,Lins,3527108,2021-05-30,202122,78503,78013,True,False,7851,10000.89169,2021-05-30,0.0301,236,412,6,2,5039,Lins,-21.67182,-49.752555
SP,city,Lorena,3527207,2021-05-30,202122,89125,88706,True,False,4067,4563.25386,2021-05-30,0.0253,103,411,37,0,5040,Lorena,-22.73338,-45.11968
SP,city,Lourdes,3527256,2021-05-30,202122,2300,2289,True,False,222,9652.17391,2021-05-30,0.018,4,352,0,0,5041,Lourdes,-20.966025,-50.226274
SP,city,Louveira,3527306,2021-05-30,202122,49993,48885,True,False,3299,6598.92385,2021-05-30,0.0209,69,431,17,0,5042,Louveira,-23.085572,-46.948369
SP,city,Lucélia,3527405,2021-05-30,202122,21886,21747,True,False,1152,5263.63886,2021-05-30,0.0312,36,403,2,1,5043,Lucélia,-21.718203,-51.021511
SP,city,Lucianópolis,3527504,2021-05-30,202122,2403,2394,True,False,156,6491.88514,2021-05-30,0.0128,2,337,0,0,5044,Lucianópolis,-22.429418,-49.522002
SP,city,Luís Antônio,3527603,2021-05-30,202122,15292,14947,True,False,1306,8540.41329,2021-05-30,0.0168,22,384,8,0,5045,Luís Antônio,-21.550625,-47.700838
SP,city,Luiziânia,3527702,2021-05-30,202122,5855,5790,True,False,193,3296.32792,2021-05-30,0.0466,9,359,7,0,5046,Luiziânia,-21.673748,-50.329438
SP,city,Lupércio,3527801,2021-05-30,202122,4596,4584,True,False,226,4917.31941,2021-05-30,0.0088,2,349,0,0,5047,Lupércio,-22.41459,-49.818019
SP,city,Lutécia,3527900,2021-05-30,202122,2636,2649,True,False,171,6487.10167,2021-05-30,0.0292,5,367,0,0,5048,Lutécia,-22.338378,-50.394007
SP,city,Macatuba,3528007,2021-05-30,202122,17214,17163,True,False,2446,14209.36447,2021-05-30,0.0196,48,413,7,0,5049,Macatuba,-22.50022,-48.710229
SP,city,Macaubal,3528106,2021-05-30,202122,8147,8120,True,False,530,6505.46213,2021-05-30,0.0189,10,375,2,1,5050,Macaubal,-20.802153,-49.968732
SP,city,Macedônia,3528205,2021-05-30,202122,3692,3698,True,False,316,8559.04659,2021-05-30,0.0443,14,411,0,0,5051,Macedônia,-20.144375,-50.197269
SP,city,Magda,3528304,2021-05-30,202122,3102,3119,True,False,192,6189.55513,2021-05-30,0.026,5,381,5,0,5052,Magda,-20.644497,-50.230542
SP,city,Mairinque,3528403,2021-05-30,202122,47441,47150,True,False,3164,6669.33665,2021-05-30,0.0152,48,412,39,1,5053,Mairinque,-23.539822,-47.184995
SP,city,Mairiporã,3528502,2021-05-30,202122,101937,100179,True,False,5593,5486.72219,2021-05-30,0.0333,186,431,26,0,5054,Mairiporã,-23.31713,-46.589695
SP,city,Manduri,3528601,2021-05-30,202122,9910,9846,True,False,597,6024.21796,2021-05-30,0.0201,12,377,4,0,5055,Manduri,-23.005569,-49.320164
SP,city,Marabá Paulista,3528700,2021-05-30,202122,5948,5853,True,False,87,1462.67653,2021-05-30,0.0345,3,340,0,0,5056,Marabá Paulista,-22.106766,-51.96167
SP,city,Maracaí,3528809,2021-05-30,202122,14036,14002,True,False,1520,10829.2961,2021-05-30,0.0204,31,346,4,0,5057,Maracaí,-22.614921,-50.671288
SP,city,Marapoama,3528858,2021-05-30,202122,3064,3031,True,False,379,12369.4517,2021-05-30,0.0343,13,390,1,0,5058,Marapoama,-21.258719,-49.129968
SP,city,Mariápolis,3528908,2021-05-30,202122,4091,4084,True,False,167,4082.13151,2021-05-30,0.024,4,367,3,0,5059,Mariápolis,-21.79592,-51.182434
SP,city,Marília,3529005,2021-05-30,202122,240590,238882,True,False,22034,9158.31913,2021-05-30,0.0287,632,423,153,8,5060,Marília,-22.217108,-49.95006
SP,city,Marinópolis,3529104,2021-05-30,202122,2106,2112,True,False,162,7692.30769,2021-05-30,0.0185,3,358,0,0,5061,Marinópolis,-20.4389,-50.825384
SP,city,Martinópolis,3529203,2021-05-30,202122,26628,26461,True,False,1043,3916.92955,2021-05-30,0.0518,54,402,2,0,5062,Martinópolis,-22.146153,-51.170949
SP,city,Matão,3529302,2021-05-30,202122,83626,83170,True,False,3816,4563.17413,2021-05-30,0.0341,130,426,27,2,5063,Matão,-21.602511,-48.363968
SP,city,Mauá,3529401,2021-05-30,202122,477552,472912,True,False,22910,4797.38332,2021-05-30,0.0565,1295,441,1019,3,5064,Mauá,-23.66767,-46.461263
SP,city,Mendonça,3529500,2021-05-30,202122,5565,5490,True,False,684,12291.10512,2021-05-30,0.0351,24,381,8,0,5065,Mendonça,-21.175724,-49.579059
SP,city,Meridiano,3529609,2021-05-30,202122,3824,3836,True,False,271,7086.82008,2021-05-30,0.0923,25,388,0,0,5066,Meridiano,-20.357874,-50.181055
SP,city,Mesópolis,3529658,2021-05-30,202122,1905,1908,True,False,123,6456.69291,2021-05-30,0.0163,2,338,4,0,5067,Mesópolis,-19.968351,-50.632641
SP,city,Miguelópolis,3529708,2021-05-30,202122,22355,22226,True,False,967,4325.65422,2021-05-30,0.0641,62,406,2,0,5068,Miguelópolis,-20.179612,-48.030997
SP,city,Mineiros do Tietê,3529807,2021-05-30,202122,12966,12908,True,False,1062,8190.65248,2021-05-30,0.0198,21,409,0,0,5069,Mineiros do Tietê,-22.412007,-48.450998
SP,city,Mira Estrela,3530003,2021-05-30,202122,3106,3086,True,False,301,9690.9208,2021-05-30,0.0332,10,346,0,0,5071,Mira Estrela,-19.978925,-50.139039
SP,city,Miracatu,3529906,2021-05-30,202122,19643,19779,True,False,1711,8710.48211,2021-05-30,0.031,53,403,9,0,5070,Miracatu,-24.276639,-47.462458
SP,city,Mirandópolis,3530102,2021-05-30,202122,29706,29564,True,False,1749,5887.69945,2021-05-30,0.0463,81,406,4,0,5072,Mirandópolis,-21.131345,-51.1035
SP,city,Mirante do Paranapanema,3530201,2021-05-30,202122,18338,18259,True,False,678,3697.2407,2021-05-30,0.0295,20,370,9,0,5073,Mirante do Paranapanema,-22.290427,-51.90835
SP,city,Mirassol,3530300,2021-05-30,202122,60303,59824,True,False,6961,11543.37263,2021-05-30,0.0272,189,420,216,4,5074,Mirassol,-20.816874,-49.52061
SP,city,Mococa,3530508,2021-05-30,202122,68980,68885,True,False,4760,6900.55088,2021-05-30,0.0359,171,418,8,0,5076,Mococa,-21.464731,-47.002405
SP,city,Mogi das Cruzes,3530607,2021-05-30,202122,450785,445842,True,False,24968,5538.78235,2021-05-30,0.0493,1230,437,206,11,5077,Mogi das Cruzes,-23.52082,-46.18541
SP,city,Mogi Guaçu,3530706,2021-05-30,202122,153033,151888,True,False,13230,8645.19417,2021-05-30,0.029,384,426,51,6,5078,Mogi Guaçu,-22.367453,-46.9428
SP,city,Mogi Mirim,3530805,2021-05-30,202122,93650,93189,True,False,8226,8783.76935,2021-05-30,0.0314,258,411,53,0,5079,Mogi Mirim,-22.431878,-46.950514
SP,city,Mombuca,3530904,2021-05-30,202122,3508,3493,True,False,322,9179.01938,2021-05-30,0.0124,4,346,11,0,5080,Mombuca,-22.928541,-47.558957
SP,city,Monções,3531001,2021-05-30,202122,2267,2259,True,False,198,8734.0097,2021-05-30,0.0253,5,379,0,0,5081,Monções,-20.850949,-50.097537
SP,city,Mongaguá,3531100,2021-05-30,202122,57648,56702,True,False,1411,2447.6131,2021-05-30,0.0496,70,412,5,0,5082,Mongaguá,-24.080901,-46.626526
SP,city,Monte Alegre do Sul,3531209,2021-05-30,202122,8111,8038,True,False,421,5190.48206,2021-05-30,0.0166,7,360,2,0,5083,Monte Alegre do Sul,-22.681699,-46.68098
SP,city,Monte Azul Paulista,3531506,2021-05-30,202122,18968,19008,True,False,1742,9183.88865,2021-05-30,0.0075,13,401,57,0,5086,Monte Azul Paulista,-20.90649,-48.638717
SP,city,Monte Castelo,3531605,2021-05-30,202122,4166,4166,True,False,446,10705.71291,2021-05-30,0.0291,13,346,4,0,5087,Monte Castelo,-21.298092,-51.567889
SP,city,Monteiro Lobato,3531704,2021-05-30,202122,4696,4653,True,False,199,4237.64906,2021-05-30,0.0251,5,380,3,0,5088,Monteiro Lobato,-22.954413,-45.840661
SP,city,Morro Agudo,3531902,2021-05-30,202122,33288,32968,True,False,3958,11890.17063,2021-05-30,0.0207,82,411,49,0,5090,Morro Agudo,-20.728828,-48.058084
SP,city,Morungaba,3532009,2021-05-30,202122,13781,13622,True,False,812,5892.17038,2021-05-30,0.0197,16,411,9,0,5091,Morungaba,-22.881071,-46.789601
SP,city,Motuca,3532058,2021-05-30,202122,4795,4758,True,False,300,6256.51721,2021-05-30,0.0267,8,371,0,0,5092,Motuca,-21.510287,-48.153764
SP,city,Murutinga do Sul,3532108,2021-05-30,202122,4506,4486,True,False,279,6191.74434,2021-05-30,0.0287,8,381,7,0,5093,Murutinga do Sul,-20.990803,-51.277389
SP,city,Narandiba,3532207,2021-05-30,202122,4904,4857,True,False,706,14396.41109,2021-05-30,0.0283,20,341,4,1,5095,Narandiba,-22.405737,-51.527357
SP,city,Natividade da Serra,3532306,2021-05-30,202122,6642,6661,True,False,146,2198.13309,2021-05-30,0.0205,3,361,0,0,5096,Natividade da Serra,-23.370665,-45.446764
SP,city,Nazaré Paulista,3532405,2021-05-30,202122,18698,18524,True,False,1233,6594.28816,2021-05-30,0.03,37,405,3,0,5097,Nazaré Paulista,-23.174731,-46.398295
SP,city,Neves Paulista,3532504,2021-05-30,202122,8923,8930,True,False,1077,12069.93164,2021-05-30,0.0316,34,390,2,0,5098,Neves Paulista,-20.842992,-49.635767
SP,city,Nhandeara,3532603,2021-05-30,202122,11527,11478,True,False,960,8328.27275,2021-05-30,0.0385,37,412,20,0,5099,Nhandeara,-20.69455,-50.043596
SP,city,Nipoã,3532702,2021-05-30,202122,5298,5213,True,False,394,7436.76859,2021-05-30,0.0279,11,391,2,0,5100,Nipoã,-20.911397,-49.783278
SP,city,Nova Aliança,3532801,2021-05-30,202122,7068,6973,True,False,779,11021.50538,2021-05-30,0.0231,18,387,13,0,5101,Nova Aliança,-21.015649,-49.498642
SP,city,Nova Campina,3532827,2021-05-30,202122,9860,9755,True,False,590,5983.77282,2021-05-30,0.0271,16,387,5,0,5102,Nova Campina,-24.122367,-48.902179
SP,city,Nova Canaã Paulista,3532843,2021-05-30,202122,1852,1881,True,False,170,9179.26566,2021-05-30,0.0235,4,316,1,0,5103,Nova Canaã Paulista,-20.383625,-50.948264
SP,city,Nova Castilho,3532868,2021-05-30,202122,1278,1267,True,False,53,4147.10485,2021-05-30,0.0566,3,359,0,0,5104,Nova Castilho,-20.761492,-50.347741
SP,city,Nova Europa,3532900,2021-05-30,202122,11355,11186,True,False,640,5636.28358,2021-05-30,0.0375,24,387,3,0,5105,Nova Europa,-21.77647,-48.570468
SP,city,Nova Granada,3533007,2021-05-30,202122,21689,21500,True,False,2474,11406.70386,2021-05-30,0.0234,58,392,17,0,5106,Nova Granada,-20.532074,-49.312268
SP,city,Nova Guataporanga,3533106,2021-05-30,202122,2325,2316,True,False,172,7397.84946,2021-05-30,0.0116,2,396,1,0,5107,Nova Guataporanga,-21.331968,-51.644655
SP,city,Nova Independência,3533205,2021-05-30,202122,4053,3969,True,False,344,8487.54009,2021-05-30,0.0116,4,321,1,0,5108,Nova Independência,-21.10263,-51.490531
SP,city,Nova Luzitânia,3533304,2021-05-30,202122,4160,4101,True,False,295,7091.34615,2021-05-30,0.0305,9,363,1,0,5110,Nova Luzitânia,-20.855967,-50.261683
SP,city,Nova Odessa,3533403,2021-05-30,202122,60956,60174,True,False,4986,8179.67058,2021-05-30,0.0281,140,426,48,3,5111,Nova Odessa,-22.783186,-47.294059
SP,city,Novais,3533254,2021-05-30,202122,5945,5830,True,False,260,4373.42304,2021-05-30,0.0385,10,369,8,1,5109,Novais,-20.98928,-48.914091
SP,city,Novo Horizonte,3533502,2021-05-30,202122,41414,41052,True,False,4209,10163.22983,2021-05-30,0.0318,134,398,88,3,5112,Novo Horizonte,-21.465145,-49.223409
SP,city,Nuporanga,3533601,2021-05-30,202122,7478,7432,True,False,325,4346.08184,2021-05-30,0.0246,8,381,0,0,5113,Nuporanga,-20.729619,-47.742942
SP,city,Ocauçu,3533700,2021-05-30,202122,4291,4289,True,False,289,6735.0268,2021-05-30,0.0104,3,359,0,0,5114,Ocauçu,-22.437979,-49.922005
SP,city,Óleo,3533809,2021-05-30,202122,2471,2496,True,False,73,2954.26953,2021-05-30,0.0137,1,346,1,0,5115,Óleo,-22.943461,-49.341924
SP,city,Olímpia,3533908,2021-05-30,202122,55130,54772,True,False,7818,14181.02666,2021-05-30,0.026,203,418,52,0,5116,Olímpia,-20.736634,-48.910625
SP,city,Onda Verde,3534005,2021-05-30,202122,4422,4381,True,False,704,15920.39801,2021-05-30,0.0312,22,375,2,0,5117,Onda Verde,-20.60423,-49.292925
SP,city,Oriente,3534104,2021-05-30,202122,6542,6515,True,False,270,4127.17823,2021-05-30,0.0593,16,374,3,0,5118,Oriente,-22.154939,-50.097105
SP,city,Orindiúva,3534203,2021-05-30,202122,7194,7066,True,False,1132,15735.335,2021-05-30,0.0133,15,333,21,0,5119,Orindiúva,-20.18607,-49.346395
SP,city,Orlândia,3534302,2021-05-30,202122,44360,44028,True,False,3640,8205.59062,2021-05-30,0.028,102,422,45,0,5120,Orlândia,-20.716925,-47.885205
SP,city,Osasco,3534401,2021-05-30,202122,699944,698418,True,False,36765,5252.56306,2021-05-30,0.0555,2041,439,93,5,5121,Osasco,-23.53239,-46.791555
SP,city,Oscar Bressane,3534500,2021-05-30,202122,2603,2603,True,False,250,9604.30273,2021-05-30,0.028,7,335,4,0,5122,Oscar Bressane,-22.314874,-50.281118
SP,city,Osvaldo Cruz,3534609,2021-05-30,202122,33000,32879,True,False,2723,8251.51515,2021-05-30,0.0301,82,394,70,0,5123,Osvaldo Cruz,-21.796753,-50.879288
SP,city,Ourinhos,3534708,2021-05-30,202122,114352,113542,True,False,10529,9207.53463,2021-05-30,0.0266,280,416,86,5,5124,Ourinhos,-22.979695,-49.869702
SP,city,Ouro Verde,3534807,2021-05-30,202122,8620,8562,True,False,391,4535.96288,2021-05-30,0.0281,11,332,3,0,5126,Ouro Verde,-21.48715,-51.702398
SP,city,Ouroeste,3534757,2021-05-30,202122,10539,10361,True,False,934,8862.3209,2021-05-30,0.0214,20,381,7,0,5125,Ouroeste,-20.006052,-50.376807
SP,city,Pacaembu,3534906,2021-05-30,202122,14263,14197,True,False,1021,7158.38183,2021-05-30,0.0235,24,388,1,0,5127,Pacaembu,-21.562661,-51.265366
SP,city,Palestina,3535002,2021-05-30,202122,13123,12957,True,False,564,4297.79776,2021-05-30,0.0514,29,377,3,0,5128,Palestina,-20.390046,-49.430854
SP,city,Palmares Paulista,3535101,2021-05-30,202122,13486,13275,True,False,1144,8482.87113,2021-05-30,0.028,32,378,16,0,5129,Palmares Paulista,-21.085369,-48.803656
SP,city,Palmital,3535309,2021-05-30,202122,22272,22221,True,False,2190,9832.97414,2021-05-30,0.0205,45,403,26,0,5131,Palmital,-22.785849,-50.217964
SP,city,Panorama,3535408,2021-05-30,202122,15862,15777,True,False,1014,6392.63649,2021-05-30,0.0306,31,381,1,0,5132,Panorama,-21.353973,-51.856185
SP,city,Paraguaçu Paulista,3535507,2021-05-30,202122,45945,45703,True,False,3344,7278.26749,2021-05-30,0.0257,86,367,55,2,5133,Paraguaçu Paulista,-22.411369,-50.57316
SP,city,Paraibuna,3535606,2021-05-30,202122,18263,18222,True,False,1064,5825.98697,2021-05-30,0.0348,37,397,10,1,5134,Paraibuna,-23.387213,-45.663943
SP,city,Paraíso,3535705,2021-05-30,202122,6496,6454,True,False,398,6126.84729,2021-05-30,0.0452,18,365,5,2,5135,Paraíso,-21.015911,-48.776105
SP,city,Paranapanema,3535804,2021-05-30,202122,20395,20197,True,False,1399,6859.52439,2021-05-30,0.0379,53,397,36,0,5136,Paranapanema,-23.386196,-48.721435
SP,city,Paranapuã,3535903,2021-05-30,202122,4095,4078,True,False,370,9035.40904,2021-05-30,0.0432,16,363,2,0,5137,Paranapuã,-20.104774,-50.588634
SP,city,Parapuã,3536000,2021-05-30,202122,10949,10964,True,False,944,8621.79194,2021-05-30,0.0297,28,374,9,0,5138,Parapuã,-21.779205,-50.794882
SP,city,Pardinho,3536109,2021-05-30,202122,6508,6435,True,False,598,9188.69084,2021-05-30,0.0217,13,376,8,1,5139,Pardinho,-23.084056,-48.367942
SP,city,Pariquera-Açu,3536208,2021-05-30,202122,19723,19648,True,False,2039,10338.18385,2021-05-30,0.024,49,422,8,0,5140,Pariquera-Açu,-24.714652,-47.874152
SP,city,Parisi,3536257,2021-05-30,202122,2169,2161,True,False,324,14937.75934,2021-05-30,0.0463,15,398,4,0,5141,Parisi,-20.303397,-50.016277
SP,city,Patrocínio Paulista,3536307,2021-05-30,202122,14807,14670,True,False,726,4903.08638,2021-05-30,0.0317,23,390,3,0,5142,Patrocínio Paulista,-20.638361,-47.280124
SP,city,Paulicéia,3536406,2021-05-30,202122,7454,7366,True,False,405,5433.32439,2021-05-30,0.0222,9,354,-2,0,5143,Paulicéia,-21.315262,-51.832098
SP,city,Paulínia,3536505,2021-05-30,202122,112003,109424,True,False,12287,10970.24187,2021-05-30,0.0176,216,427,120,0,5144,Paulínia,-22.754178,-47.148776
SP,city,Paulistânia,3536570,2021-05-30,202122,1834,1833,True,False,111,6052.3446,2021-05-30,0.045,5,409,2,0,5145,Paulistânia,-22.576831,-49.400845
SP,city,Paulo de Faria,3536604,2021-05-30,202122,8959,8945,True,False,553,6172.5639,2021-05-30,0.0325,18,368,2,0,5146,Paulo de Faria,-20.029612,-49.400013
SP,city,Pederneiras,3536703,2021-05-30,202122,47111,46687,True,False,3576,7590.58394,2021-05-30,0.0196,70,411,7,0,5147,Pederneiras,-22.351086,-48.778113
SP,city,Pedra Bela,3536802,2021-05-30,202122,6110,6093,True,False,169,2765.95745,2021-05-30,0.0237,4,416,0,0,5148,Pedra Bela,-22.790174,-46.44555
SP,city,Pedranópolis,3536901,2021-05-30,202122,2481,2494,True,False,190,7658.20234,2021-05-30,0.0263,5,346,0,0,5149,Pedranópolis,-20.247378,-50.112937
SP,city,Pedregulho,3537008,2021-05-30,202122,16811,16744,True,False,258,1534.70942,2021-05-30,0.0504,13,342,1,1,5150,Pedregulho,-20.253468,-47.47745
SP,city,Pedreira,3537107,2021-05-30,202122,48463,47919,True,False,2972,6132.51346,2021-05-30,0.0155,46,387,33,0,5151,Pedreira,-22.741347,-46.894846
SP,city,Pedrinhas Paulista,3537156,2021-05-30,202122,3101,3093,True,False,352,11351.17704,2021-05-30,0.0114,4,395,4,0,5152,Pedrinhas Paulista,-22.817378,-50.793287
SP,city,Pedro de Toledo,3537206,2021-05-30,202122,11421,11331,True,False,321,2810.61203,2021-05-30,0.0467,15,401,2,1,5153,Pedro de Toledo,-24.276391,-47.23537
SP,city,Penápolis,3537305,2021-05-30,202122,63757,63407,True,False,5144,8068.1337,2021-05-30,0.0369,190,427,69,0,5154,Penápolis,-21.414765,-50.076855
SP,city,Pereira Barreto,3537404,2021-05-30,202122,25677,25669,True,False,1641,6390.93352,2021-05-30,0.0323,53,390,10,1,5155,Pereira Barreto,-20.636767,-51.112268
SP,city,Pereiras,3537503,2021-05-30,202122,8773,8668,True,False,841,9586.23048,2021-05-30,0.0178,15,369,8,0,5156,Pereiras,-23.08037,-47.972005
SP,city,Peruíbe,3537602,2021-05-30,202122,69001,68284,True,False,5383,7801.33621,2021-05-30,0.0331,178,419,19,0,5157,Peruíbe,-24.311974,-47.0012
SP,city,Piacatu,3537701,2021-05-30,202122,6038,5980,True,False,593,9821.13283,2021-05-30,0.0152,9,325,3,0,5158,Piacatu,-21.592142,-50.600343
SP,city,Piedade,3537800,2021-05-30,202122,55542,55348,True,False,3740,6733.64301,2021-05-30,0.0294,110,408,84,1,5159,Piedade,-23.713941,-47.425572
SP,city,Pilar do Sul,3537909,2021-05-30,202122,29402,29185,True,False,2065,7023.33175,2021-05-30,0.0281,58,412,35,0,5160,Pilar do Sul,-23.807716,-47.722151
SP,city,Pindamonhangaba,3538006,2021-05-30,202122,170132,168328,True,False,9645,5669.1275,2021-05-30,0.0265,256,419,46,2,5161,Pindamonhangaba,-22.92463,-45.461264
SP,city,Pindorama,3538105,2021-05-30,202122,17216,17049,True,False,983,5709.80483,2021-05-30,0.0458,45,418,17,2,5162,Pindorama,-21.1853,-48.90861
SP,city,Pinhalzinho,3538204,2021-05-30,202122,15388,15207,True,False,622,4042.11074,2021-05-30,0.008,5,401,5,0,5163,Pinhalzinho,-22.781115,-46.589679
SP,city,Piquerobi,3538303,2021-05-30,202122,3699,3692,True,False,162,4379.56204,2021-05-30,0.0185,3,398,2,1,5164,Piquerobi,-21.874671,-51.728164
SP,city,Piquete,3538501,2021-05-30,202122,13575,13657,True,False,300,2209.94475,2021-05-30,0.0367,11,377,1,0,5165,Piquete,-22.606881,-45.186919
SP,city,Piracaia,3538600,2021-05-30,202122,27462,27303,True,False,2618,9533.17311,2021-05-30,0.0122,32,410,21,1,5166,Piracaia,-23.052545,-46.359374
SP,city,Piracicaba,3538709,2021-05-30,202122,407252,404142,True,False,48443,11895.09198,2021-05-30,0.02,969,427,397,12,5167,Piracicaba,-22.733801,-47.647612
SP,city,São José do Rio Pardo,3549706,2021-05-30,202122,55124,54946,True,False,2078,3769.6829,2021-05-30,0.0337,70,426,48,0,5289,São José do Rio Pardo,-21.595288,-46.887303
SP,city,Pirajuí,3538907,2021-05-30,202122,25719,25492,True,False,1788,6952.05879,2021-05-30,0.0246,44,426,22,1,5169,Pirajuí,-21.998986,-49.460777
SP,city,Pirangi,3539004,2021-05-30,202122,11471,11417,True,False,1386,12082.64319,2021-05-30,0.0397,55,381,8,0,5170,Pirangi,-21.0886,-48.660733
SP,city,Pirapora do Bom Jesus,3539103,2021-05-30,202122,19178,18895,True,False,1358,7081.03035,2021-05-30,0.011,15,401,0,0,5171,Pirapora do Bom Jesus,-23.396487,-46.999103
SP,city,Pirapozinho,3539202,2021-05-30,202122,27754,27527,True,False,2101,7570.07999,2021-05-30,0.0257,54,390,9,1,5172,Pirapozinho,-22.271125,-51.497635
SP,city,Pirassununga,3539301,2021-05-30,202122,76877,76409,True,False,7377,9595.84791,2021-05-30,0.0272,201,403,29,0,5173,Pirassununga,-21.995982,-47.425746
SP,city,Piratininga,3539400,2021-05-30,202122,13765,13636,True,False,654,4751.18053,2021-05-30,0.0275,18,411,7,0,5174,Piratininga,-22.41416,-49.133869
SP,city,Pitangueiras,3539509,2021-05-30,202122,40080,39719,True,False,3958,9875.2495,2021-05-30,0.0318,126,403,32,0,5175,Pitangueiras,-21.013203,-48.220951
SP,city,Planalto,3539608,2021-05-30,202122,5304,5237,True,False,498,9389.14027,2021-05-30,0.0141,7,381,1,0,5176,Planalto,-21.034249,-49.933034
SP,city,Platina,3539707,2021-05-30,202122,3578,3550,True,False,237,6623.81219,2021-05-30,0.0295,7,342,15,0,5177,Platina,-22.637142,-50.210422
SP,city,Poá,3539806,2021-05-30,202122,118349,117452,True,False,6221,5256.48717,2021-05-30,0.0502,312,432,43,3,5178,Poá,-23.533285,-46.347292
SP,city,Poloni,3539905,2021-05-30,202122,6113,6059,True,False,485,7933.91134,2021-05-30,0.0227,11,386,7,0,5179,Poloni,-20.782909,-49.825756
SP,city,Pompéia,3540002,2021-05-30,202122,22172,22014,True,False,743,3351.07343,2021-05-30,0.0256,19,370,4,1,5180,Pompéia,-22.10704,-50.175964
SP,city,Pongaí,3540101,2021-05-30,202122,3400,3416,True,False,225,6617.64706,2021-05-30,0.0356,8,328,0,0,5181,Pongaí,-21.73956,-49.360421
SP,city,Pontal,3540200,2021-05-30,202122,50852,49961,True,False,4521,8890.50578,2021-05-30,0.031,140,412,28,0,5182,Pontal,-21.021565,-48.042261
SP,city,Pontalinda,3540259,2021-05-30,202122,4674,4628,True,False,171,3658.53659,2021-05-30,0.0643,11,374,3,0,5183,Pontalinda,-20.439624,-50.525754
SP,city,Pontes Gestal,3540309,2021-05-30,202122,2577,2577,True,False,273,10593.71362,2021-05-30,0.0293,8,376,0,0,5184,Pontes Gestal,-20.172692,-49.706355
SP,city,Populina,3540408,2021-05-30,202122,4152,4169,True,False,152,3660.88632,2021-05-30,0.0329,5,408,2,0,5185,Populina,-19.945297,-50.538035
SP,city,Porangaba,3540507,2021-05-30,202122,10067,9925,True,False,628,6238.20403,2021-05-30,0.0239,15,389,13,0,5186,Porangaba,-23.17615,-48.119464
SP,city,Porto Feliz,3540606,2021-05-30,202122,53402,53098,True,False,6003,11241.15202,2021-05-30,0.0153,92,427,39,1,5187,Porto Feliz,-23.209318,-47.52512
SP,city,Porto Ferreira,3540705,2021-05-30,202122,56504,56150,True,False,4867,8613.54948,2021-05-30,0.023,112,416,65,0,5188,Porto Ferreira,-21.849814,-47.487034
SP,city,Potim,3540754,2021-05-30,202122,25130,24643,True,False,1496,5953.04417,2021-05-30,0.0207,31,382,0,0,5189,Potim,-22.834327,-45.255205
SP,city,Potirendaba,3540804,2021-05-30,202122,17516,17361,True,False,2148,12263.07376,2021-05-30,0.0256,55,383,18,2,5190,Potirendaba,-21.042789,-49.381509
SP,city,Severínia,3551900,2021-05-30,202122,17661,17496,True,False,1931,10933.69571,2021-05-30,0.028,54,383,1,1,5312,Severínia,-20.810753,-48.80538
SP,city,Pradópolis,3540903,2021-05-30,202122,21873,21496,True,False,1532,7004.06894,2021-05-30,0.0183,28,399,14,1,5192,Pradópolis,-21.362578,-48.067869
SP,city,Praia Grande,3541000,2021-05-30,202122,330845,325073,True,False,17046,5152.26163,2021-05-30,0.0329,561,425,107,1,5193,Praia Grande,-24.008378,-46.412057
SP,city,Pratânia,3541059,2021-05-30,202122,5317,5261,True,False,628,11811.17171,2021-05-30,0.0143,9,411,8,0,5194,Pratânia,-22.811183,-48.663618
SP,city,Presidente Alves,3541109,2021-05-30,202122,4080,4094,True,False,227,5563.72549,2021-05-30,0.0308,7,401,0,0,5195,Presidente Alves,-22.09991,-49.438133
SP,city,Presidente Bernardes,3541208,2021-05-30,202122,13023,13106,True,False,885,6795.6692,2021-05-30,0.0339,30,387,0,0,5196,Presidente Bernardes,-22.008198,-51.556507
SP,city,Presidente Epitácio,3541307,2021-05-30,202122,44389,44200,True,False,2229,5021.51434,2021-05-30,0.035,78,397,5,0,5197,Presidente Epitácio,-21.765074,-52.11114
SP,city,Presidente Prudente,3541406,2021-05-30,202122,230371,228743,True,False,22390,9719.10527,2021-05-30,0.0296,663,418,97,4,5198,Presidente Prudente,-22.120654,-51.392526
SP,city,Presidente Venceslau,3541505,2021-05-30,202122,39583,39516,True,False,2394,6048.05093,2021-05-30,0.0317,76,420,24,4,5199,Presidente Venceslau,-21.873233,-51.844744
SP,city,Promissão,3541604,2021-05-30,202122,40828,40432,True,False,4504,11031.64495,2021-05-30,0.0162,73,423,14,2,5200,Promissão,-21.535572,-49.85989
SP,city,Quadra,3541653,2021-05-30,202122,3854,3804,True,False,142,3684.48365,2021-05-30,0.0423,6,376,1,0,5201,Quadra,-23.299332,-48.054657
SP,city,Quatá,3541703,2021-05-30,202122,14210,14109,True,False,1024,7206.19282,2021-05-30,0.0186,19,405,13,0,5202,Quatá,-22.24559,-50.696605
SP,city,Queiroz,3541802,2021-05-30,202122,3460,3406,True,False,190,5491.32948,2021-05-30,0.0158,3,360,7,0,5203,Queiroz,-21.796865,-50.241461
SP,city,Queluz,3541901,2021-05-30,202122,13606,13420,True,False,829,6092.90019,2021-05-30,0.0072,6,343,5,0,5204,Queluz,-22.531171,-44.778105
SP,city,Quintana,3542008,2021-05-30,202122,6688,6638,True,False,435,6504.1866,2021-05-30,0.0322,14,406,3,0,5205,Quintana,-22.069172,-50.307028
SP,city,Rafard,3542107,2021-05-30,202122,9101,9076,True,False,784,8614.43797,2021-05-30,0.0064,5,360,13,0,5206,Rafard,-23.010508,-47.531795
SP,city,Rancharia,3542206,2021-05-30,202122,29726,29707,True,False,3180,10697.70571,2021-05-30,0.0195,62,409,40,0,5207,Rancharia,-22.22691,-50.893041
SP,city,Tapiraí,3553500,2021-05-30,202122,7766,7807,True,False,419,5395.3129,2021-05-30,0.0167,7,389,0,0,5329,Tapiraí,-23.961157,-47.506248
SP,city,Regente Feijó,3542404,2021-05-30,202122,20394,20261,True,False,547,2682.16142,2021-05-30,0.075,41,398,3,1,5209,Regente Feijó,-22.218131,-51.30545
SP,city,Reginópolis,3542503,2021-05-30,202122,9837,9621,True,False,278,2826.06486,2021-05-30,0.0432,12,390,1,0,5210,Reginópolis,-21.891372,-49.226782
SP,city,Registro,3542602,2021-05-30,202122,56393,56322,True,False,5389,9556.15059,2021-05-30,0.0328,177,409,62,8,5211,Registro,-24.497942,-47.844895
SP,city,Restinga,3542701,2021-05-30,202122,7679,7593,True,False,430,5599.68746,2021-05-30,0.014,6,339,8,0,5212,Restinga,-20.605593,-47.483254
SP,city,Ribeira,3542800,2021-05-30,202122,3330,3340,True,False,293,8798.7988,2021-05-30,0.0068,2,354,3,0,5213,Ribeira,-24.65171,-49.004409
SP,city,Ribeirão Bonito,3542909,2021-05-30,202122,13299,13219,True,False,735,5526.73133,2021-05-30,0.0286,21,373,6,0,5214,Ribeirão Bonito,-22.068536,-48.182041
SP,city,Ribeirão Branco,3543006,2021-05-30,202122,16211,16444,True,False,1267,7815.68071,2021-05-30,0.0292,37,398,7,0,5215,Ribeirão Branco,-24.220580000000002,-48.763545
SP,city,Ribeirão Corrente,3543105,2021-05-30,202122,4752,4718,True,False,212,4461.27946,2021-05-30,0.0142,3,285,1,0,5216,Ribeirão Corrente,-20.457872,-47.590394
SP,city,Ribeirão do Sul,3543204,2021-05-30,202122,4539,4541,True,False,471,10376.73496,2021-05-30,0.017,8,360,3,1,5218,Ribeirão do Sul,-22.789013,-49.933037
SP,city,Ribeirão dos Índios,3543238,2021-05-30,202122,2224,2225,True,False,69,3102.51799,2021-05-30,0.0725,5,383,0,0,5217,Ribeirão dos Índios,-21.838201,-51.610343
SP,city,Ribeirão Grande,3543253,2021-05-30,202122,7679,7673,True,False,339,4414.63732,2021-05-30,0.0236,8,383,3,0,5219,Ribeirão Grande,-24.10114,-48.367931
SP,city,Ribeirão Pires,3543303,2021-05-30,202122,124159,123393,True,False,7253,5841.70298,2021-05-30,0.0389,282,432,28,-1,5220,Ribeirão Pires,-23.706669,-46.405805
SP,city,Ribeirão Preto,3543402,2021-05-30,202122,711825,703293,True,False,59186,8314.68409,2021-05-30,0.037,2191,431,589,22,5221,Ribeirão Preto,-21.169923,-47.809875
SP,city,Rifaina,3543600,2021-05-30,202122,3640,3629,True,False,328,9010.98901,2021-05-30,0.0305,10,346,5,0,5222,Rifaina,-20.080256,-47.429109
SP,city,Rincão,3543709,2021-05-30,202122,10812,10799,True,False,358,3311.13578,2021-05-30,0.0642,23,412,6,0,5223,Rincão,-21.589429,-48.072838
SP,city,Rinópolis,3543808,2021-05-30,202122,9961,9981,True,False,282,2831.04106,2021-05-30,0.0213,6,411,4,0,5224,Rinópolis,-21.728402,-50.723908
SP,city,Rio Claro,3543907,2021-05-30,202122,208008,206424,True,False,10298,4950.77112,2021-05-30,0.0422,435,432,89,19,5225,Rio Claro,-22.398378,-47.554632
SP,city,Rio das Pedras,3544004,2021-05-30,202122,35738,35228,True,False,2476,6928.19968,2021-05-30,0.0275,68,397,40,3,5226,Rio das Pedras,-22.841723000000002,-47.604657
SP,city,Rio Grande da Serra,3544103,2021-05-30,202122,51436,50846,True,False,1863,3621.97683,2021-05-30,0.0354,66,419,3,0,5227,Rio Grande da Serra,-23.743724,-46.397084
SP,city,Riolândia,3544202,2021-05-30,202122,12689,12518,True,False,1347,10615.49373,2021-05-30,0.0126,17,377,20,0,5228,Riolândia,-19.986789,-49.683582
SP,city,Riversul,3543501,2021-05-30,202122,5443,5524,True,False,412,7569.35514,2021-05-30,0.0607,25,341,1,0,5229,Riversul,-23.829003,-49.428965
SP,city,Rosana,3544251,2021-05-30,202122,16281,16643,True,False,1052,6461.51956,2021-05-30,0.0266,28,377,1,1,5230,Rosana,-22.578173,-53.060296
SP,city,Roseira,3544301,2021-05-30,202122,10801,10712,True,False,1214,11239.70003,2021-05-30,0.0165,20,382,7,0,5231,Roseira,-22.893834,-45.306993
SP,city,Rubiácea,3544400,2021-05-30,202122,3162,3128,True,False,116,3668.5642,2021-05-30,0.0603,7,383,0,0,5232,Rubiácea,-21.300568,-50.729564
SP,city,Rubinéia,3544509,2021-05-30,202122,3170,3148,True,False,292,9211.35647,2021-05-30,0.0171,5,330,1,0,5233,Rubinéia,-20.175906,-51.007034
SP,city,Sabino,3544608,2021-05-30,202122,5614,5590,True,False,259,4613.46633,2021-05-30,0.0927,24,356,0,0,5234,Sabino,-21.45934,-49.575546
SP,city,Sagres,3544707,2021-05-30,202122,2430,2432,True,False,146,6008.23045,2021-05-30,0,0,380,13,0,5235,Sagres,-21.88232,-50.959381
SP,city,Sales,3544806,2021-05-30,202122,6407,6331,True,False,360,5618.85438,2021-05-30,0.0583,21,377,9,0,5236,Sales,-21.342738,-49.489658
SP,city,Sales Oliveira,3544905,2021-05-30,202122,11998,11890,True,False,1481,12343.72395,2021-05-30,0.0149,22,377,8,0,5237,Sales Oliveira,-20.769612,-47.836873
SP,city,Salesópolis,3545001,2021-05-30,202122,17252,17139,True,False,476,2759.10039,2021-05-30,0.0756,36,403,4,0,5238,Salesópolis,-23.528805,-45.84653
SP,city,Salmourão,3545100,2021-05-30,202122,5337,5300,True,False,278,5208.91887,2021-05-30,0.0719,20,345,3,0,5239,Salmourão,-21.626729,-50.861366
SP,city,Saltinho,3545159,2021-05-30,202122,8393,8286,True,False,636,7577.74336,2021-05-30,0.0157,10,397,22,0,5240,Saltinho,-22.844167,-47.675371
SP,city,Salto,3545209,2021-05-30,202122,119736,118663,True,False,8474,7077.23659,2021-05-30,0.0307,260,419,103,0,5241,Salto,-23.199592,-47.293087
SP,city,Salto de Pirapora,3545308,2021-05-30,202122,45860,45422,True,False,3010,6563.45399,2021-05-30,0.0452,136,426,48,0,5242,Salto de Pirapora,-23.647387,-47.574322
SP,city,Salto Grande,3545407,2021-05-30,202122,9364,9331,True,False,704,7518.15463,2021-05-30,0.0099,7,396,3,0,5243,Salto Grande,-22.889389,-49.983134
SP,city,Vargem,3556354,2021-05-30,202122,10692,10537,True,False,169,1580.62103,2021-05-30,0.0237,4,397,1,0,5365,Vargem,-22.887046,-46.412447
SP,city,Santa Adélia,3545605,2021-05-30,202122,15561,15480,True,False,1202,7724.4393,2021-05-30,0.0391,47,378,19,3,5245,Santa Adélia,-21.242662,-48.80634
SP,city,Santa Albertina,3545704,2021-05-30,202122,6022,6008,True,False,551,9149.78412,2021-05-30,0.0345,19,345,0,0,5246,Santa Albertina,-20.031131,-50.729713
SP,city,Santa Branca,3546009,2021-05-30,202122,14857,14788,True,False,829,5579.86134,2021-05-30,0.029,24,422,27,1,5248,Santa Branca,-23.393311,-45.887521
SP,city,Santa Cruz da Conceição,3546207,2021-05-30,202122,4544,4503,True,False,508,11179.57746,2021-05-30,0.0157,8,401,6,0,5250,Santa Cruz da Conceição,-22.140542,-47.451196
SP,city,Santa Cruz da Esperança,3546256,2021-05-30,202122,2153,2139,True,False,163,7570.8314,2021-05-30,0.0184,3,389,1,0,5251,Santa Cruz da Esperança,-21.295065,-47.430381
SP,city,Santa Cruz das Palmeiras,3546306,2021-05-30,202122,34737,34361,True,False,3308,9522.98702,2021-05-30,0.0287,95,391,27,0,5252,Santa Cruz das Palmeiras,-21.823475,-47.248023
SP,city,Santa Cruz do Rio Pardo,3546405,2021-05-30,202122,47943,47673,True,False,4224,8810.46242,2021-05-30,0.0194,82,420,55,1,5253,Santa Cruz do Rio Pardo,-22.89875,-49.635444
SP,city,Votuporanga,3557105,2021-05-30,202122,95338,94547,True,False,11680,12251.14855,2021-05-30,0.0279,326,426,57,2,5375,Votuporanga,-20.423659,-49.978112
SP,city,Santa Fé do Sul,3546603,2021-05-30,202122,32563,32322,True,False,3422,10508.85975,2021-05-30,0.0245,84,399,28,0,5255,Santa Fé do Sul,-20.208252,-50.931958
SP,city,Santa Gertrudes,3546702,2021-05-30,202122,27381,26898,True,False,2931,10704.50312,2021-05-30,0.0177,52,410,53,3,5256,Santa Gertrudes,-22.457229,-47.52716
SP,city,Santa Isabel,3546801,2021-05-30,202122,57966,57386,True,False,5174,8925.92209,2021-05-30,0.0402,208,426,2,0,5257,Santa Isabel,-23.317194,-46.223668
SP,city,Santa Lúcia,3546900,2021-05-30,202122,8854,8817,True,False,564,6370.00226,2021-05-30,0.023,13,415,1,0,5258,Santa Lúcia,-21.684982,-48.088469
SP,city,Santa Maria da Serra,3547007,2021-05-30,202122,6236,6173,True,False,454,7280.30789,2021-05-30,0.0066,3,396,25,0,5259,Santa Maria da Serra,-22.566088,-48.159288
SP,city,Santa Mercedes,3547106,2021-05-30,202122,2943,2939,True,False,138,4689.0927600000005,2021-05-30,0.029,4,323,2,0,5260,Santa Mercedes,-21.349521,-51.756353
SP,city,Santa Rita do Passa Quatro,3547502,2021-05-30,202122,27600,27557,True,False,1285,4655.7971,2021-05-30,0.021,27,403,4,0,5264,Santa Rita do Passa Quatro,-21.708323,-47.478
SP,city,Santa Salete,3547650,2021-05-30,202122,1552,1545,True,False,168,10824.74227,2021-05-30,0.0238,4,375,2,0,5266,Santa Salete,-20.242918,-50.688717
SP,city,Santana da Ponte Pensa,3547205,2021-05-30,202122,1467,1487,True,False,41,2794.81936,2021-05-30,0.0488,2,369,0,0,5261,Santana da Ponte Pensa,-20.252311,-50.801357
SP,city,Santana de Parnaíba,3547304,2021-05-30,202122,142301,139447,True,False,11695,8218.4946,2021-05-30,0.0253,296,450,66,1,5262,Santana de Parnaíba,-23.442514,-46.922215
SP,city,Santo Anastácio,3547700,2021-05-30,202122,20866,20878,True,False,1229,5889.96454,2021-05-30,0.0236,29,390,0,0,5267,Santo Anastácio,-21.974662,-51.652662
SP,city,Santo André,3547809,2021-05-30,202122,721368,718773,True,False,53327,7392.48206,2021-05-30,0.047,2507,441,267,34,5268,Santo André,-23.67373,-46.543154
SP,city,Santo Antônio de Posse,3548005,2021-05-30,202122,23529,23310,True,False,2296,9758.17077,2021-05-30,0.0122,28,398,35,0,5270,Santo Antônio de Posse,-22.602873,-46.91919
SP,city,Santo Antônio do Aracanguá,3548054,2021-05-30,202122,8481,8420,True,False,506,5966.27756,2021-05-30,0.0435,22,401,1,0,5271,Santo Antônio do Aracanguá,-20.933114,-50.497979
SP,city,Santo Antônio do Jardim,3548104,2021-05-30,202122,5940,5954,True,False,392,6599.3266,2021-05-30,0.0383,15,388,0,0,5272,Santo Antônio do Jardim,-22.112076,-46.684487
SP,city,Santo Antônio do Pinhal,3548203,2021-05-30,202122,6827,6811,True,False,456,6679.36136,2021-05-30,0.0132,6,401,10,0,5273,Santo Antônio do Pinhal,-22.827,-45.663
SP,city,Santo Expedito,3548302,2021-05-30,202122,3135,3111,True,False,148,4720.89314,2021-05-30,0.0203,3,384,0,0,5274,Santo Expedito,-21.846657,-51.392894
SP,city,Santópolis do Aguapeí,3548401,2021-05-30,202122,4817,4777,True,False,418,8677.60017,2021-05-30,0.0311,13,376,6,0,5275,Santópolis do Aguapeí,-21.637574,-50.504372
SP,city,Santos,3548500,2021-05-30,202122,433656,433311,True,False,51436,11861.01426,2021-05-30,0.0332,1710,427,116,2,5276,Santos,-23.953543,-46.335042
SP,city,São Bento do Sapucaí,3548609,2021-05-30,202122,10893,10878,True,False,584,5361.24116,2021-05-30,0.0103,6,381,6,0,5277,São Bento do Sapucaí,-22.683744,-45.728677
SP,city,São Bernardo do Campo,3548708,2021-05-30,202122,844483,838936,True,False,62216,7367.34783,2021-05-30,0.0423,2632,441,331,13,5278,São Bernardo do Campo,-23.691412,-46.564617
SP,city,São Caetano do Sul,3548807,2021-05-30,202122,161957,161127,True,False,15698,9692.69621,2021-05-30,0.0471,739,441,26,0,5279,São Caetano do Sul,-23.62287,-46.554797
SP,city,São Carlos,3548906,2021-05-30,202122,254484,251983,True,False,19036,7480.23451,2021-05-30,0.0196,374,420,136,2,5280,São Carlos,-22.017395,-47.885971
SP,city,São Francisco,3549003,2021-05-30,202122,2817,2821,True,False,189,6709.26518,2021-05-30,0.0476,9,361,1,0,5281,São Francisco,-20.362291,-50.695151
SP,city,São João da Boa Vista,3549102,2021-05-30,202122,91771,91211,True,False,6438,7015.28805,2021-05-30,0.0311,200,417,46,3,5282,São João da Boa Vista,-21.970747,-46.794356
SP,city,São João das Duas Pontes,3549201,2021-05-30,202122,2561,2568,True,False,148,5778.99258,2021-05-30,0.0338,5,383,0,0,5283,São João das Duas Pontes,-20.387857,-50.379149
SP,city,São João de Iracema,3549250,2021-05-30,202122,1932,1922,True,False,111,5745.34161,2021-05-30,0.0541,6,359,1,0,5284,São João de Iracema,-20.511059,-50.356069
SP,city,São Joaquim da Barra,3549409,2021-05-30,202122,52319,51888,True,False,4870,9308.28189,2021-05-30,0.0207,101,410,69,13,5286,São Joaquim da Barra,-20.581158,-47.859316
SP,city,São José da Bela Vista,3549508,2021-05-30,202122,8960,8928,True,False,228,2544.64286,2021-05-30,0.0614,14,369,4,0,5287,São José da Bela Vista,-20.593548,-47.642413
SP,city,São José do Barreiro,3549607,2021-05-30,202122,4144,4147,True,False,254,6129.34363,2021-05-30,0.0157,4,303,0,0,5288,São José do Barreiro,-22.641353,-44.577437
SP,city,São José do Rio Preto,3549805,2021-05-30,202122,464983,460671,True,False,72710,15637.13082,2021-05-30,0.0297,2157,439,495,25,5290,São José do Rio Preto,-20.811289,-49.375767
SP,city,São José dos Campos,3549904,2021-05-30,202122,729737,721944,True,False,72162,9888.76815,2021-05-30,0.0204,1469,439,685,16,5291,São José dos Campos,-23.189554,-45.884115
SP,city,São Lourenço da Serra,3549953,2021-05-30,202122,15978,15825,True,False,620,3880.33546,2021-05-30,0.05,31,405,5,1,5292,São Lourenço da Serra,-23.849134,-46.94316
SP,city,São Luiz do Paraitinga,3550001,2021-05-30,202122,10690,10687,True,False,58,542.56314,2021-05-30,0.2414,14,389,2,0,5293,São Luiz do Paraitinga,-23.220521,-45.30899
SP,city,São Manuel,3550100,2021-05-30,202122,41123,40954,True,False,4021,9777.98312,2021-05-30,0.0261,105,422,42,1,5294,São Manuel,-22.732081,-48.572316
SP,city,São Miguel Arcanjo,3550209,2021-05-30,202122,33002,32931,True,False,1431,4336.10084,2021-05-30,0.0342,49,416,5,0,5295,São Miguel Arcanjo,-23.878197,-47.993549
SP,city,São Paulo,3550308,2021-05-30,202122,12325232,12252023,True,False,782195,6346.29028,2021-05-30,0.0391,30576,461,3645,100,5296,São Paulo,-23.532905,-46.63952
SP,city,São Pedro,3550407,2021-05-30,202122,35980,35653,True,False,3775,10491.93997,2021-05-30,0.017,64,427,28,1,5297,São Pedro,-22.548256,-47.909579
SP,city,São Roque,3550605,2021-05-30,202122,92060,91016,True,False,5108,5548.55529,2021-05-30,0.0164,84,419,87,3,5299,São Roque,-23.522598,-47.13567
SP,city,São Sebastião,3550704,2021-05-30,202122,90328,88980,True,False,6999,7748.42795,2021-05-30,0.0203,142,432,33,5,5300,São Sebastião,-23.795059,-45.414314
SP,city,São Sebastião da Grama,3550803,2021-05-30,202122,12159,12182,True,False,810,6661.73205,2021-05-30,0.0321,26,403,10,0,5301,São Sebastião da Grama,-21.704109,-46.820753
SP,city,São Simão,3550902,2021-05-30,202122,15385,15322,True,False,760,4939.8765,2021-05-30,0.0263,20,374,10,0,5302,São Simão,-21.473171,-47.551755
SP,city,São Vicente,3551009,2021-05-30,202122,368355,365798,True,False,15753,4276.58102,2021-05-30,0.0608,957,426,93,7,5303,São Vicente,-23.957353,-46.388333
SP,city,Sarapuí,3551108,2021-05-30,202122,10390,10285,True,False,316,3041.38595,2021-05-30,0.0095,3,397,-1,0,5304,Sarapuí,-23.63974,-47.824863
SP,city,Sarutaiá,3551207,2021-05-30,202122,3630,3638,True,False,99,2727.27273,2021-05-30,0.0606,6,390,0,0,5305,Sarutaiá,-23.272103,-49.476259
SP,city,Sebastianópolis do Sul,3551306,2021-05-30,202122,3554,3513,True,False,119,3348.3399,2021-05-30,0.0504,6,357,0,0,5306,Sebastianópolis do Sul,-20.652323,-49.924997
SP,city,Serra Azul,3551405,2021-05-30,202122,14981,14662,True,False,1040,6942.12669,2021-05-30,0.0115,12,388,9,0,5307,Serra Azul,-21.307381,-47.560243
SP,city,Serra Negra,3551603,2021-05-30,202122,29452,29229,True,False,2038,6919.7338,2021-05-30,0.0221,45,402,22,0,5309,Serra Negra,-22.613941,-46.703271
SP,city,Sertãozinho,3551702,2021-05-30,202122,127142,125815,True,False,13091,10296.36155,2021-05-30,0.027,353,418,157,3,5310,Sertãozinho,-21.131596,-47.987496
SP,city,Sete Barras,3551801,2021-05-30,202122,12780,12832,True,False,1449,11338.02817,2021-05-30,0.0207,30,391,7,0,5311,Sete Barras,-24.382048,-47.927943
SP,city,Silveiras,3552007,2021-05-30,202122,6339,6302,True,False,365,5758.00599,2021-05-30,0.0164,6,385,0,0,5313,Silveiras,-22.66384,-44.852157
SP,city,Socorro,3552106,2021-05-30,202122,41352,41005,True,False,3025,7315.24473,2021-05-30,0.0145,44,401,23,0,5314,Socorro,-22.590264,-46.525118
SP,city,Sud Mennucci,3552304,2021-05-30,202122,7728,7718,True,False,775,10028.46791,2021-05-30,0.0129,10,391,0,0,5316,Sud Mennucci,-20.687225,-50.923783
SP,city,Sumaré,3552403,2021-05-30,202122,286211,282441,True,False,19717,6888.97352,2021-05-30,0.0314,619,419,113,1,5317,Sumaré,-22.820416,-47.272823
SP,city,Suzanápolis,3552551,2021-05-30,202122,4014,3963,True,False,298,7424.01594,2021-05-30,0.0336,10,341,0,0,5318,Suzanápolis,-20.49809,-51.026761
SP,city,Suzano,3552502,2021-05-30,202122,300559,297637,True,False,18045,6003.8129,2021-05-30,0.0395,713,438,96,2,5319,Suzano,-23.544828,-46.311181
SP,city,Tabapuã,3552601,2021-05-30,202122,12485,12407,True,False,1210,9691.62996,2021-05-30,0.0306,37,384,39,0,5320,Tabapuã,-20.960171,-49.03074
SP,city,Tabatinga,3552700,2021-05-30,202122,16644,16496,True,False,1523,9150.4446,2021-05-30,0.0309,47,390,10,0,5321,Tabatinga,-21.723863,-48.689577
SP,city,Taboão da Serra,3552809,2021-05-30,202122,293652,289664,True,False,16036,5460.88567,2021-05-30,0.0458,735,432,59,5,5322,Taboão da Serra,-23.601867,-46.752637
SP,city,Taciba,3552908,2021-05-30,202122,6329,6285,True,False,536,8468.95244,2021-05-30,0.0299,16,345,111,0,5323,Taciba,-22.386577,-51.288221
SP,city,Taguaí,3553005,2021-05-30,202122,14141,13859,True,False,1370,9688.14087,2021-05-30,0.0175,24,388,36,0,5324,Taguaí,-23.445242,-49.402377
SP,city,Taiaçu,3553104,2021-05-30,202122,6320,6295,True,False,287,4541.13924,2021-05-30,0.0348,10,410,2,0,5325,Taiaçu,-21.143144,-48.511203
SP,city,Taiúva,3553203,2021-05-30,202122,5564,5566,True,False,724,13012.22142,2021-05-30,0.0138,10,376,0,0,5326,Taiúva,-21.122333,-48.452816
SP,city,Tambaú,3553302,2021-05-30,202122,23232,23207,True,False,1954,8410.81267,2021-05-30,0.0179,35,383,29,0,5327,Tambaú,-21.70292,-47.270344
SP,city,Tanabi,3553401,2021-05-30,202122,26101,25967,True,False,3385,12968.85177,2021-05-30,0.023,78,418,28,1,5328,Tanabi,-20.62279,-49.656319
SP,city,Vera Cruz,3556602,2021-05-30,202122,10823,10843,True,False,530,4896.97866,2021-05-30,0.0453,24,349,7,0,5369,Vera Cruz,-22.218308,-49.820735
SP,city,Tapiratiba,3553609,2021-05-30,202122,12950,12960,True,False,1102,8509.65251,2021-05-30,0.0118,13,390,7,0,5330,Tapiratiba,-21.471324,-46.744825
SP,city,Taquaral,3553658,2021-05-30,202122,2813,2811,True,False,313,11126.91077,2021-05-30,0.0256,8,362,4,0,5331,Taquaral,-21.07373,-48.412553
SP,city,Taquaritinga,3553708,2021-05-30,202122,57364,57177,True,False,4417,7699.95119,2021-05-30,0.0324,143,407,64,0,5332,Taquaritinga,-21.404861,-48.510345
SP,city,Taquarituba,3553807,2021-05-30,202122,23256,23218,True,False,2533,10891.81287,2021-05-30,0.0249,63,408,22,0,5333,Taquarituba,-23.530709,-49.240954
SP,city,Taquarivaí,3553856,2021-05-30,202122,5911,5852,True,False,267,4517.0022,2021-05-30,0.0225,6,388,3,1,5334,Taquarivaí,-23.921116,-48.694769
SP,city,Tarabai,3553906,2021-05-30,202122,7540,7468,True,False,551,7307.69231,2021-05-30,0.0381,21,408,48,0,5335,Tarabai,-22.301612,-51.562133
SP,city,Tarumã,3553955,2021-05-30,202122,15183,15000,True,False,1296,8535.86248,2021-05-30,0.0255,33,395,14,0,5336,Tarumã,-22.742873,-50.57862
SP,city,Tatuí,3554003,2021-05-30,202122,122967,121766,True,False,5511,4481.69021,2021-05-30,0.0582,321,431,24,2,5337,Tatuí,-23.348731,-47.84612
SP,city,Taubaté,3554102,2021-05-30,202122,317915,314924,True,False,21478,6755.89387,2021-05-30,0.0169,364,438,187,2,5338,Taubaté,-23.010414,-45.55926
SP,city,Tejupá,3554201,2021-05-30,202122,4491,4532,True,False,124,2761.07771,2021-05-30,0.0242,3,378,0,0,5339,Tejupá,-23.342458,-49.372244
SP,city,Teodoro Sampaio,3554300,2021-05-30,202122,23273,23148,True,False,1699,7300.30507,2021-05-30,0.0171,29,388,51,1,5340,Teodoro Sampaio,-22.529936,-52.168175
SP,city,Terra Roxa,3554409,2021-05-30,202122,9437,9370,True,False,828,8773.97478,2021-05-30,0.0278,23,421,0,0,5341,Terra Roxa,-20.787015,-48.331442
SP,city,Tietê,3554508,2021-05-30,202122,42517,42076,True,False,2713,6380.97702,2021-05-30,0.0262,71,395,17,1,5342,Tietê,-23.110098,-47.716378
SP,city,Timburi,3554607,2021-05-30,202122,2652,2658,True,False,103,3883.86124,2021-05-30,0.0388,4,396,0,0,5343,Timburi,-23.205674,-49.609583
SP,city,Torre de Pedra,3554656,2021-05-30,202122,2422,2412,True,False,85,3509.49628,2021-05-30,0.0706,6,390,7,0,5344,Torre de Pedra,-23.246173,-48.195507
SP,city,Trabiju,3554755,2021-05-30,202122,1738,1724,True,False,73,4200.23015,2021-05-30,0.0137,1,379,0,0,5346,Trabiju,-22.038783,-48.334168
SP,city,Tremembé,3554805,2021-05-30,202122,47714,47185,True,False,2095,4390.74485,2021-05-30,0.0067,14,383,23,0,5347,Tremembé,-22.95714,-45.547526
SP,city,Três Fronteiras,3554904,2021-05-30,202122,5832,5807,True,False,554,9499.31413,2021-05-30,0.0451,25,376,0,0,5348,Três Fronteiras,-20.234355,-50.890528
SP,city,Tuiuti,3554953,2021-05-30,202122,6977,6894,True,False,147,2106.92275,2021-05-30,0.0068,1,401,1,0,5349,Tuiuti,-22.819324,-46.693746
SP,city,Tupã,3555000,2021-05-30,202122,65570,65524,True,False,4685,7145.03584,2021-05-30,0.0376,176,416,175,4,5350,Tupã,-21.933528,-50.519113
SP,city,Tupi Paulista,3555109,2021-05-30,202122,15583,15495,True,False,1335,8567.02817,2021-05-30,0.0307,41,398,2,0,5351,Tupi Paulista,-21.382455,-51.575004
SP,city,Turiúba,3555208,2021-05-30,202122,2020,2016,True,False,158,7821.78218,2021-05-30,0.0127,2,348,4,0,5352,Turiúba,-20.942758,-50.11349
SP,city,Turmalina,3555307,2021-05-30,202122,1696,1727,True,False,141,8313.67925,2021-05-30,0.0284,4,362,3,0,5353,Turmalina,-20.048588,-50.479198
SP,city,Ubarana,3555356,2021-05-30,202122,6400,6309,True,False,721,11265.625,2021-05-30,0.018,13,354,12,1,5354,Ubarana,-21.164965,-49.719765
SP,city,Ubatuba,3555406,2021-05-30,202122,91824,90799,True,False,5772,6285.93832,2021-05-30,0.0185,107,413,24,0,5355,Ubatuba,-23.433162,-45.083415
SP,city,Ubirajara,3555505,2021-05-30,202122,4804,4780,True,False,249,5183.18068,2021-05-30,0.0241,6,388,0,0,5356,Ubirajara,-22.527208,-49.66126
SP,city,Uchoa,3555604,2021-05-30,202122,10151,10110,True,False,1034,10186.18855,2021-05-30,0.0222,23,391,0,0,5357,Uchoa,-20.951106,-49.171295
SP,city,União Paulista,3555703,2021-05-30,202122,1865,1844,True,False,142,7613.94102,2021-05-30,0.0282,4,389,0,0,5358,União Paulista,-20.886227,-49.902509
SP,city,Urânia,3555802,2021-05-30,202122,9120,9114,True,False,1015,11129.38596,2021-05-30,0.0305,31,372,9,0,5359,Urânia,-20.245461,-50.645498
SP,city,Uru,3555901,2021-05-30,202122,1153,1165,True,False,131,11361.66522,2021-05-30,0.0229,3,390,0,0,5360,Uru,-21.786641,-49.284846
SP,city,Urupês,3556008,2021-05-30,202122,13888,13809,True,False,619,4457.08525,2021-05-30,0.0485,30,382,5,0,5361,Urupês,-21.203207,-49.293103
SP,city,Valentim Gentil,3556107,2021-05-30,202122,13532,13326,True,False,1605,11860.77446,2021-05-30,0.0324,52,380,11,1,5362,Valentim Gentil,-20.421681,-50.088928
SP,city,Valinhos,3556206,2021-05-30,202122,131210,129193,True,False,10639,8108.37589,2021-05-30,0.0271,288,432,59,0,5363,Valinhos,-22.969805,-46.997367
SP,city,Valparaíso,3556305,2021-05-30,202122,26822,26480,True,False,2210,8239.50488,2021-05-30,0.0253,56,387,28,0,5364,Valparaíso,-21.222929,-50.869874
SP,city,Vargem Grande Paulista,3556453,2021-05-30,202122,53468,52597,True,False,1971,3686.31705,2021-05-30,0.0375,74,438,19,1,5367,Vargem Grande Paulista,-23.599338,-47.022038
SP,city,Várzea Paulista,3556503,2021-05-30,202122,123071,121838,True,False,5942,4828.10735,2021-05-30,0.0296,176,412,211,3,5368,Várzea Paulista,-23.213582,-46.823444
SP,city,Vinhedo,3556701,2021-05-30,202122,80111,78728,True,False,7135,8906.39238,2021-05-30,0.0184,131,426,53,0,5370,Vinhedo,-23.030184,-46.983312
SP,city,Viradouro,3556800,2021-05-30,202122,19017,18898,True,False,1681,8839.45943,2021-05-30,0.0369,62,388,15,0,5371,Viradouro,-20.873382,-48.292974
SP,city,Vista Alegre do Alto,3556909,2021-05-30,202122,8989,8810,True,False,653,7264.43431,2021-05-30,0.0153,10,405,1,0,5372,Vista Alegre do Alto,-21.169222,-48.628383
SP,city,Vitória Brasil,3556958,2021-05-30,202122,1846,1840,True,False,178,9642.47021,2021-05-30,0.0393,7,344,1,0,5373,Vitória Brasil,-20.195582,-50.487452
SP,city,Votorantim,3557006,2021-05-30,202122,123599,122480,True,False,7063,5714.44753,2021-05-30,0.0498,352,426,231,4,5374,Votorantim,-23.54459,-47.438753
SP,city,Zacarias,3557154,2021-05-30,202122,2752,2718,True,False,230,8357.55814,2021-05-30,0.0304,7,375,0,1,5376,Zacarias,-21.050554,-50.055222
SP,state,,35,2021-05-31,202122,46289333,45919049,True,False,3272043,7068.67606,2021-05-31,0.034,111374,462,6113,70,NA,NA,-22.19,-48.79
